"month","quarter","year","product_id","product_name","total_quantity_sold","total_revenue"
"7","3","1996",40,"Boston Crab Meat","50","735.00"
"7","3","1996",30,"Nord-Ost Matjeshering","60","931.50"
"7","3","1996",17,"Alice Mutton","30","936.00"
"7","3","1996",42,"Singaporean Hokkien Fried Mee","10","98.00"
"7","3","1996",14,"Tofu","9","167.40"
"7","3","1996",37,"Gravad lax","1","20.80"
"7","3","1996",74,"Longlife Tofu","57","384.00"
"7","3","1996",12,"Queso Manchego La Pastora","12","346.56"
"7","3","1996",72,"Mozzarella di Giovanni","29","813.40"
"7","3","1996",5,"Chef Anton's Gumbo Mix","77","1047.20"
"7","3","1996",56,"Gnocchi di nonna Alice","2","60.80"
"7","3","1996",49,"Maxilaku","40","640.00"
"7","3","1996",51,"Manjimup Dried Apples","75","2957.40"
"7","3","1996",16,"Pavlova","95","1112.00"
"7","3","1996",27,"Schoggi Schokolade","25","877.50"
"7","3","1996",76,"Lakkalikööri","15","183.60"
"7","3","1996",60,"Camembert Pierrot","40","1088.00"
"7","3","1996",41,"Jack's New England Clam Chowder","51","333.02"
"7","3","1996",20,"Sir Rodney's Marmalade","40","2462.40"
"7","3","1996",53,"Perth Pasties","15","393.00"
"7","3","1996",62,"Tarte au sucre","15","443.25"
"7","3","1996",55,"Pâté chinois","21","342.72"
"7","3","1996",65,"Louisiana Fiery Hot Pepper Sauce","35","550.20"
"7","3","1996",59,"Raclette Courdavault","100","3938.00"
"7","3","1996",35,"Steeleye Stout","20","288.00"
"7","3","1996",77,"Original Frankfurter grüne Soße","27","280.80"
"7","3","1996",11,"Queso Cabrales","12","168.00"
"7","3","1996",32,"Mascarpone Fabioli","6","122.88"
"7","3","1996",7,"Uncle Bob's Organic Dried Pears","15","360.00"
"7","3","1996",36,"Inlagd Sill","25","380.00"
"7","3","1996",39,"Chartreuse verte","48","691.20"
"7","3","1996",21,"Sir Rodney's Scones","30","240.00"
"7","3","1996",2,"Chang","105","1444.00"
"7","3","1996",24,"Guaraná Fantástica","43","146.70"
"7","3","1996",31,"Gorgonzola Telino","20","200.00"
"7","3","1996",29,"Thüringer Rostbratwurst","10","990.00"
"7","3","1996",33,"Geitost","85","161.50"
"7","3","1996",57,"Ravioli Angelo","65","1002.30"
"7","3","1996",70,"Outback Lager","41","429.00"
"7","3","1996",22,"Gustaf's Knäckebröd","6","95.76"
"8","3","1996",27,"Schoggi Schokolade","15","394.87"
"8","3","1996",5,"Chef Anton's Gumbo Mix","20","340.00"
"8","3","1996",53,"Perth Pasties","36","754.56"
"8","3","1996",76,"Lakkalikööri","33","451.44"
"8","3","1996",68,"Scottish Longbreads","3","27.00"
"8","3","1996",20,"Sir Rodney's Marmalade","26","1684.80"
"8","3","1996",19,"Teatime Chocolate Biscuits","19","138.70"
"8","3","1996",1,"Chai","63","777.60"
"8","3","1996",51,"Manjimup Dried Apples","2","76.32"
"8","3","1996",77,"Original Frankfurter grüne Soße","10","104.00"
"8","3","1996",46,"Spegesild","15","122.40"
"8","3","1996",17,"Alice Mutton","30","819.00"
"8","3","1996",43,"Ipoh Coffee","40","1472.00"
"8","3","1996",55,"Pâté chinois","20","384.00"
"8","3","1996",36,"Inlagd Sill","30","456.00"
"8","3","1996",10,"Ikura","39","937.44"
"8","3","1996",28,"Rössle Sauerkraut","20","728.00"
"8","3","1996",33,"Geitost","44","88.00"
"8","3","1996",57,"Ravioli Angelo","2","31.20"
"8","3","1996",62,"Tarte au sucre","52","2048.80"
"8","3","1996",54,"Tourtière","10","53.10"
"8","3","1996",63,"Vegie-spread","13","456.30"
"8","3","1996",59,"Raclette Courdavault","21","910.80"
"8","3","1996",3,"Aniseed Syrup","30","240.00"
"8","3","1996",40,"Boston Crab Meat","100","1308.30"
"8","3","1996",18,"Carnarvon Tigers","12","600.00"
"8","3","1996",16,"Pavlova","40","472.60"
"8","3","1996",71,"Flotemysost","20","344.00"
"8","3","1996",49,"Maxilaku","15","240.00"
"8","3","1996",73,"Röd Kaviar","25","300.00"
"8","3","1996",60,"Camembert Pierrot","76","1931.20"
"8","3","1996",35,"Steeleye Stout","104","1497.60"
"8","3","1996",67,"Laughing Lumberjack Lager","5","42.00"
"8","3","1996",24,"Guaraná Fantástica","40","141.84"
"8","3","1996",75,"Rhönbräu Klosterbier","42","260.40"
"8","3","1996",29,"Thüringer Rostbratwurst","15","1485.00"
"8","3","1996",64,"Wimmers gute Semmelknödel","9","239.40"
"8","3","1996",44,"Gula Malacca","61","908.30"
"8","3","1996",34,"Sasquatch Ale","20","224.00"
"8","3","1996",30,"Nord-Ost Matjeshering","6","124.20"
"8","3","1996",31,"Gorgonzola Telino","55","542.50"
"8","3","1996",15,"Genen Shouyu","20","248.00"
"8","3","1996",13,"Konbu","30","134.40"
"8","3","1996",72,"Mozzarella di Giovanni","34","945.20"
"9","3","1996",65,"Louisiana Fiery Hot Pepper Sauce","30","453.60"
"9","3","1996",43,"Ipoh Coffee","56","2060.80"
"9","3","1996",70,"Outback Lager","55","660.00"
"9","3","1996",36,"Inlagd Sill","52","638.40"
"9","3","1996",34,"Sasquatch Ale","14","156.80"
"9","3","1996",42,"Singaporean Hokkien Fried Mee","8","89.60"
"9","3","1996",32,"Mascarpone Fabioli","40","921.60"
"9","3","1996",59,"Raclette Courdavault","40","1430.00"
"9","3","1996",4,"Chef Anton's Cajun Seasoning","20","352.00"
"9","3","1996",30,"Nord-Ost Matjeshering","10","207.00"
"9","3","1996",58,"Escargots de Bourgogne","30","286.20"
"9","3","1996",66,"Louisiana Hot Spiced Okra","30","408.00"
"9","3","1996",41,"Jack's New England Clam Chowder","10","77.00"
"9","3","1996",16,"Pavlova","40","556.00"
"9","3","1996",40,"Boston Crab Meat","50","676.20"
"9","3","1996",75,"Rhönbräu Klosterbier","10","62.00"
"9","3","1996",6,"Grandma's Boysenberry Spread","30","600.00"
"9","3","1996",29,"Thüringer Rostbratwurst","25","2227.50"
"9","3","1996",49,"Maxilaku","30","480.00"
"9","3","1996",62,"Tarte au sucre","125","4826.50"
"9","3","1996",2,"Chang","40","608.00"
"9","3","1996",1,"Chai","20","288.00"
"9","3","1996",69,"Gudbrandsdalsost","23","662.40"
"9","3","1996",71,"Flotemysost","5","86.00"
"9","3","1996",53,"Perth Pasties","30","786.00"
"9","3","1996",28,"Rössle Sauerkraut","32","1164.80"
"9","3","1996",39,"Chartreuse verte","90","1252.80"
"9","3","1996",11,"Queso Cabrales","12","201.60"
"9","3","1996",54,"Tourtière","5","29.50"
"9","3","1996",68,"Scottish Longbreads","38","365.00"
"9","3","1996",19,"Teatime Chocolate Biscuits","15","109.50"
"9","3","1996",56,"Gnocchi di nonna Alice","24","729.60"
"9","3","1996",18,"Carnarvon Tigers","25","1125.00"
"9","3","1996",17,"Alice Mutton","40","1248.00"
"9","3","1996",72,"Mozzarella di Giovanni","20","556.00"
"10","4","1996",57,"Ravioli Angelo","16","249.60"
"10","4","1996",52,"Filo Mix","28","156.80"
"10","4","1996",13,"Konbu","12","57.60"
"10","4","1996",58,"Escargots de Bourgogne","30","254.40"
"10","4","1996",64,"Wimmers gute Semmelknödel","50","1330.00"
"10","4","1996",31,"Gorgonzola Telino","85","688.00"
"10","4","1996",56,"Gnocchi di nonna Alice","12","346.56"
"10","4","1996",6,"Grandma's Boysenberry Spread","6","120.00"
"10","4","1996",32,"Mascarpone Fabioli","6","122.88"
"10","4","1996",23,"Tunnbröd","40","288.00"
"10","4","1996",76,"Lakkalikööri","51","734.40"
"10","4","1996",51,"Manjimup Dried Apples","48","1628.16"
"10","4","1996",33,"Geitost","8","16.00"
"10","4","1996",46,"Spegesild","30","288.00"
"10","4","1996",43,"Ipoh Coffee","40","1398.40"
"10","4","1996",39,"Chartreuse verte","4","57.60"
"10","4","1996",72,"Mozzarella di Giovanni","90","2397.75"
"10","4","1996",11,"Queso Cabrales","50","672.00"
"10","4","1996",28,"Rössle Sauerkraut","14","509.60"
"10","4","1996",68,"Scottish Longbreads","24","238.00"
"10","4","1996",21,"Sir Rodney's Scones","10","72.00"
"10","4","1996",55,"Pâté chinois","40","614.40"
"10","4","1996",54,"Tourtière","15","88.50"
"10","4","1996",63,"Vegie-spread","80","2386.80"
"10","4","1996",18,"Carnarvon Tigers","60","2550.00"
"10","4","1996",37,"Gravad lax","28","582.40"
"10","4","1996",59,"Raclette Courdavault","58","2228.60"
"10","4","1996",36,"Inlagd Sill","60","790.40"
"10","4","1996",4,"Chef Anton's Cajun Seasoning","52","883.52"
"10","4","1996",71,"Flotemysost","70","1135.20"
"10","4","1996",41,"Jack's New England Clam Chowder","32","241.78"
"10","4","1996",16,"Pavlova","21","248.11"
"10","4","1996",15,"Genen Shouyu","5","62.00"
"10","4","1996",26,"Gumbär Gummibärchen","74","1655.85"
"10","4","1996",38,"Côte de Blaye","20","4005.20"
"10","4","1996",19,"Teatime Chocolate Biscuits","10","69.35"
"10","4","1996",47,"Zaanse koeken","16","97.28"
"10","4","1996",35,"Steeleye Stout","80","1000.80"
"10","4","1996",2,"Chang","56","680.96"
"10","4","1996",17,"Alice Mutton","98","2948.40"
"10","4","1996",30,"Nord-Ost Matjeshering","58","1047.42"
"10","4","1996",62,"Tarte au sucre","28","1103.20"
"10","4","1996",25,"NuNuCa Nuß-Nougat-Creme","4","44.80"
"10","4","1996",75,"Rhönbräu Klosterbier","50","310.00"
"10","4","1996",42,"Singaporean Hokkien Fried Mee","10","89.60"
"10","4","1996",14,"Tofu","19","353.40"
"10","4","1996",65,"Louisiana Fiery Hot Pepper Sauce","40","672.00"
"11","4","1996",56,"Gnocchi di nonna Alice","20","608.00"
"11","4","1996",36,"Inlagd Sill","20","288.80"
"11","4","1996",8,"Northwoods Cranberry Sauce","140","3920.00"
"11","4","1996",1,"Chai","27","356.40"
"11","4","1996",17,"Alice Mutton","36","1010.88"
"11","4","1996",16,"Pavlova","56","739.48"
"11","4","1996",77,"Original Frankfurter grüne Soße","12","124.80"
"11","4","1996",75,"Rhönbräu Klosterbier","18","106.02"
"11","4","1996",69,"Gudbrandsdalsost","68","1906.56"
"11","4","1996",4,"Chef Anton's Cajun Seasoning","35","616.00"
"11","4","1996",71,"Flotemysost","5","86.00"
"11","4","1996",60,"Camembert Pierrot","143","3587.68"
"11","4","1996",39,"Chartreuse verte","104","1311.84"
"11","4","1996",54,"Tourtière","114","654.90"
"11","4","1996",41,"Jack's New England Clam Chowder","13","100.10"
"11","4","1996",24,"Guaraná Fantástica","45","160.20"
"11","4","1996",34,"Sasquatch Ale","46","509.60"
"11","4","1996",21,"Sir Rodney's Scones","5","36.00"
"11","4","1996",26,"Gumbär Gummibärchen","16","398.40"
"11","4","1996",29,"Thüringer Rostbratwurst","39","3861.00"
"11","4","1996",64,"Wimmers gute Semmelknödel","35","837.90"
"11","4","1996",10,"Ikura","30","595.20"
"11","4","1996",65,"Louisiana Fiery Hot Pepper Sauce","30","495.60"
"11","4","1996",31,"Gorgonzola Telino","120","1165.00"
"11","4","1996",51,"Manjimup Dried Apples","20","848.00"
"11","4","1996",40,"Boston Crab Meat","4","58.80"
"11","4","1996",38,"Côte de Blaye","80","14545.20"
"11","4","1996",76,"Lakkalikööri","12","172.80"
"11","4","1996",19,"Teatime Chocolate Biscuits","80","584.00"
"11","4","1996",57,"Ravioli Angelo","50","780.00"
"11","4","1996",25,"NuNuCa Nuß-Nougat-Creme","60","672.00"
"11","4","1996",55,"Pâté chinois","12","230.40"
"11","4","1996",11,"Queso Cabrales","36","564.48"
"11","4","1996",42,"Singaporean Hokkien Fried Mee","9","100.80"
"11","4","1996",28,"Rössle Sauerkraut","43","1517.88"
"11","4","1996",44,"Gula Malacca","77","1133.82"
"11","4","1996",23,"Tunnbröd","25","180.00"
"11","4","1996",49,"Maxilaku","35","560.00"
"11","4","1996",50,"Valkoinen suklaa","15","175.50"
"12","4","1996",38,"Côte de Blaye","40","6324.00"
"12","4","1996",21,"Sir Rodney's Scones","10","68.00"
"12","4","1996",26,"Gumbär Gummibärchen","70","1307.25"
"12","4","1996",23,"Tunnbröd","40","288.00"
"12","4","1996",74,"Longlife Tofu","84","648.00"
"12","4","1996",20,"Sir Rodney's Marmalade","40","2397.60"
"12","4","1996",33,"Geitost","60","120.00"
"12","4","1996",69,"Gudbrandsdalsost","58","1670.40"
"12","4","1996",5,"Chef Anton's Gumbo Mix","32","544.00"
"12","4","1996",51,"Manjimup Dried Apples","18","648.72"
"12","4","1996",46,"Spegesild","73","673.92"
"12","4","1996",7,"Uncle Bob's Organic Dried Pears","10","192.00"
"12","4","1996",29,"Thüringer Rostbratwurst","34","3366.00"
"12","4","1996",59,"Raclette Courdavault","12","528.00"
"12","4","1996",28,"Rössle Sauerkraut","26","837.20"
"12","4","1996",62,"Tarte au sucre","30","1182.00"
"12","4","1996",68,"Scottish Longbreads","68","664.00"
"12","4","1996",65,"Louisiana Fiery Hot Pepper Sauce","20","302.40"
"12","4","1996",50,"Valkoinen suklaa","15","195.00"
"12","4","1996",24,"Guaraná Fantástica","30","108.00"
"12","4","1996",41,"Jack's New England Clam Chowder","8","55.44"
"12","4","1996",25,"NuNuCa Nuß-Nougat-Creme","7","58.80"
"12","4","1996",54,"Tourtière","10","59.00"
"12","4","1996",76,"Lakkalikööri","35","504.00"
"12","4","1996",52,"Filo Mix","20","89.60"
"12","4","1996",36,"Inlagd Sill","6","72.96"
"12","4","1996",60,"Camembert Pierrot","111","2418.08"
"12","4","1996",58,"Escargots de Bourgogne","95","837.40"
"12","4","1996",1,"Chai","15","183.60"
"12","4","1996",55,"Pâté chinois","135","2361.60"
"12","4","1996",77,"Original Frankfurter grüne Soße","14","145.60"
"12","4","1996",35,"Steeleye Stout","70","950.40"
"12","4","1996",31,"Gorgonzola Telino","164","1559.00"
"12","4","1996",56,"Gnocchi di nonna Alice","38","1018.40"
"12","4","1996",34,"Sasquatch Ale","10","112.00"
"12","4","1996",10,"Ikura","16","396.80"
"12","4","1996",45,"Rogede sild","15","91.20"
"12","4","1996",14,"Tofu","57","864.90"
"12","4","1996",63,"Vegie-spread","16","505.44"
"12","4","1996",71,"Flotemysost","161","2597.20"
"12","4","1996",53,"Perth Pasties","130","3170.20"
"12","4","1996",2,"Chang","25","285.00"
"12","4","1996",39,"Chartreuse verte","20","244.80"
"12","4","1996",30,"Nord-Ost Matjeshering","18","335.34"
"12","4","1996",70,"Outback Lager","60","720.00"
"12","4","1996",18,"Carnarvon Tigers","9","450.00"
"12","4","1996",72,"Mozzarella di Giovanni","87","2059.98"
"12","4","1996",64,"Wimmers gute Semmelknödel","30","798.00"
"12","4","1996",13,"Konbu","48","230.40"
"1","1","1997",42,"Singaporean Hokkien Fried Mee","40","425.60"
"1","1","1997",65,"Louisiana Fiery Hot Pepper Sauce","20","336.00"
"1","1","1997",19,"Teatime Chocolate Biscuits","42","295.65"
"1","1","1997",77,"Original Frankfurter grüne Soße","45","452.40"
"1","1","1997",2,"Chang","60","912.00"
"1","1","1997",49,"Maxilaku","60","936.00"
"1","1","1997",47,"Zaanse koeken","85","589.00"
"1","1","1997",70,"Outback Lager","8","86.40"
"1","1","1997",11,"Queso Cabrales","30","504.00"
"1","1","1997",53,"Perth Pasties","25","596.05"
"1","1","1997",73,"Röd Kaviar","20","216.00"
"1","1","1997",21,"Sir Rodney's Scones","92","712.00"
"1","1","1997",1,"Chai","34","489.60"
"1","1","1997",57,"Ravioli Angelo","20","312.00"
"1","1","1997",40,"Boston Crab Meat","52","577.71"
"1","1","1997",29,"Thüringer Rostbratwurst","21","2079.00"
"1","1","1997",17,"Alice Mutton","97","2355.60"
"1","1","1997",71,"Flotemysost","75","1290.00"
"1","1","1997",61,"Sirop d'érable","16","364.80"
"1","1","1997",50,"Valkoinen suklaa","40","520.00"
"1","1","1997",35,"Steeleye Stout","95","1195.20"
"1","1","1997",55,"Pâté chinois","10","144.00"
"1","1","1997",14,"Tofu","67","1209.00"
"1","1","1997",9,"Mishi Kobe Niku","20","1396.80"
"1","1","1997",54,"Tourtière","46","271.40"
"1","1","1997",37,"Gravad lax","10","208.00"
"1","1","1997",74,"Longlife Tofu","15","120.00"
"1","1","1997",59,"Raclette Courdavault","115","4364.80"
"1","1","1997",46,"Spegesild","22","206.40"
"1","1","1997",36,"Inlagd Sill","5","68.40"
"1","1","1997",44,"Gula Malacca","40","496.00"
"1","1","1997",3,"Aniseed Syrup","50","400.00"
"1","1","1997",56,"Gnocchi di nonna Alice","105","3192.00"
"1","1","1997",31,"Gorgonzola Telino","14","140.00"
"1","1","1997",38,"Côte de Blaye","99","18803.36"
"1","1","1997",76,"Lakkalikööri","34","417.60"
"1","1","1997",68,"Scottish Longbreads","66","510.00"
"1","1","1997",26,"Gumbär Gummibärchen","72","1755.45"
"1","1","1997",33,"Geitost","119","238.00"
"1","1","1997",41,"Jack's New England Clam Chowder","25","154.00"
"1","1","1997",23,"Tunnbröd","60","432.00"
"1","1","1997",48,"Chocolade","70","606.90"
"1","1","1997",16,"Pavlova","21","248.11"
"1","1","1997",62,"Tarte au sucre","75","2955.00"
"1","1","1997",30,"Nord-Ost Matjeshering","18","372.60"
"1","1","1997",60,"Camembert Pierrot","60","1550.40"
"1","1","1997",13,"Konbu","2","8.64"
"1","1","1997",28,"Rössle Sauerkraut","42","1375.92"
"1","1","1997",63,"Vegie-spread","100","3202.87"
"1","1","1997",64,"Wimmers gute Semmelknödel","7","186.20"
"1","1","1997",69,"Gudbrandsdalsost","35","979.20"
"2","1","1997",30,"Nord-Ost Matjeshering","28","434.70"
"2","1","1997",52,"Filo Mix","35","187.60"
"2","1","1997",70,"Outback Lager","25","270.00"
"2","1","1997",74,"Longlife Tofu","30","240.00"
"2","1","1997",41,"Jack's New England Clam Chowder","30","231.00"
"2","1","1997",16,"Pavlova","85","1023.73"
"2","1","1997",10,"Ikura","34","744.00"
"2","1","1997",24,"Guaraná Fantástica","20","64.80"
"2","1","1997",64,"Wimmers gute Semmelknödel","71","1715.70"
"2","1","1997",11,"Queso Cabrales","42","685.44"
"2","1","1997",55,"Pâté chinois","180","2937.60"
"2","1","1997",76,"Lakkalikööri","18","220.32"
"2","1","1997",77,"Original Frankfurter grüne Soße","55","514.80"
"2","1","1997",66,"Louisiana Hot Spiced Okra","60","816.00"
"2","1","1997",39,"Chartreuse verte","26","374.40"
"2","1","1997",27,"Schoggi Schokolade","50","1755.00"
"2","1","1997",54,"Tourtière","101","588.82"
"2","1","1997",71,"Flotemysost","82","1410.40"
"2","1","1997",65,"Louisiana Fiery Hot Pepper Sauce","63","1011.36"
"2","1","1997",56,"Gnocchi di nonna Alice","83","2401.60"
"2","1","1997",2,"Chang","55","733.40"
"2","1","1997",22,"Gustaf's Knäckebröd","12","201.60"
"2","1","1997",40,"Boston Crab Meat","20","294.00"
"2","1","1997",43,"Ipoh Coffee","20","736.00"
"2","1","1997",29,"Thüringer Rostbratwurst","24","2019.60"
"2","1","1997",35,"Steeleye Stout","8","115.20"
"2","1","1997",34,"Sasquatch Ale","20","179.20"
"2","1","1997",46,"Spegesild","35","307.20"
"2","1","1997",26,"Gumbär Gummibärchen","51","1269.90"
"2","1","1997",33,"Geitost","20","32.00"
"2","1","1997",57,"Ravioli Angelo","15","187.20"
"2","1","1997",17,"Alice Mutton","10","312.00"
"2","1","1997",49,"Maxilaku","21","285.60"
"2","1","1997",44,"Gula Malacca","100","1472.50"
"2","1","1997",31,"Gorgonzola Telino","3","27.00"
"2","1","1997",62,"Tarte au sucre","35","1379.00"
"2","1","1997",28,"Rössle Sauerkraut","57","2074.80"
"2","1","1997",53,"Perth Pasties","65","1703.00"
"2","1","1997",61,"Sirop d'érable","115","2314.20"
"2","1","1997",75,"Rhönbräu Klosterbier","28","152.52"
"2","1","1997",72,"Mozzarella di Giovanni","50","1390.00"
"2","1","1997",19,"Teatime Chocolate Biscuits","67","458.44"
"2","1","1997",12,"Queso Manchego La Pastora","15","456.00"
"2","1","1997",7,"Uncle Bob's Organic Dried Pears","16","364.80"
"2","1","1997",48,"Chocolade","15","137.70"
"2","1","1997",21,"Sir Rodney's Scones","80","512.00"
"2","1","1997",68,"Scottish Longbreads","21","157.50"
"2","1","1997",59,"Raclette Courdavault","36","1584.00"
"3","1","1997",77,"Original Frankfurter grüne Soße","37","358.28"
"3","1","1997",34,"Sasquatch Ale","35","372.40"
"3","1","1997",19,"Teatime Chocolate Biscuits","26","189.80"
"3","1","1997",2,"Chang","60","790.40"
"3","1","1997",33,"Geitost","12","24.00"
"3","1","1997",29,"Thüringer Rostbratwurst","18","1603.80"
"3","1","1997",24,"Guaraná Fantástica","133","464.40"
"3","1","1997",43,"Ipoh Coffee","18","662.40"
"3","1","1997",70,"Outback Lager","72","792.00"
"3","1","1997",54,"Tourtière","24","106.20"
"3","1","1997",53,"Perth Pasties","28","733.60"
"3","1","1997",30,"Nord-Ost Matjeshering","8","165.60"
"3","1","1997",42,"Singaporean Hokkien Fried Mee","50","560.00"
"3","1","1997",47,"Zaanse koeken","30","228.00"
"3","1","1997",7,"Uncle Bob's Organic Dried Pears","30","720.00"
"3","1","1997",11,"Queso Cabrales","30","441.00"
"3","1","1997",68,"Scottish Longbreads","30","300.00"
"3","1","1997",44,"Gula Malacca","17","223.97"
"3","1","1997",75,"Rhönbräu Klosterbier","46","285.20"
"3","1","1997",18,"Carnarvon Tigers","30","1500.00"
"3","1","1997",3,"Aniseed Syrup","20","144.00"
"3","1","1997",38,"Côte de Blaye","30","6324.00"
"3","1","1997",56,"Gnocchi di nonna Alice","50","1337.60"
"3","1","1997",13,"Konbu","1","4.80"
"3","1","1997",10,"Ikura","20","471.20"
"3","1","1997",4,"Chef Anton's Cajun Seasoning","16","225.28"
"3","1","1997",49,"Maxilaku","24","384.00"
"3","1","1997",1,"Chai","15","216.00"
"3","1","1997",31,"Gorgonzola Telino","35","297.50"
"3","1","1997",60,"Camembert Pierrot","60","1632.00"
"3","1","1997",28,"Rössle Sauerkraut","18","655.20"
"3","1","1997",73,"Röd Kaviar","20","192.00"
"3","1","1997",40,"Boston Crab Meat","61","896.70"
"3","1","1997",51,"Manjimup Dried Apples","46","1950.40"
"3","1","1997",66,"Louisiana Hot Spiced Okra","60","693.60"
"3","1","1997",25,"NuNuCa Nuß-Nougat-Creme","12","134.40"
"3","1","1997",26,"Gumbär Gummibärchen","30","747.00"
"3","1","1997",50,"Valkoinen suklaa","25","325.00"
"3","1","1997",64,"Wimmers gute Semmelknödel","38","1010.80"
"3","1","1997",14,"Tofu","12","223.20"
"3","1","1997",74,"Longlife Tofu","16","128.00"
"3","1","1997",59,"Raclette Courdavault","162","7128.00"
"3","1","1997",21,"Sir Rodney's Scones","35","238.00"
"3","1","1997",71,"Flotemysost","12","206.40"
"3","1","1997",55,"Pâté chinois","32","554.88"
"3","1","1997",46,"Spegesild","5","48.00"
"3","1","1997",39,"Chartreuse verte","20","216.00"
"3","1","1997",45,"Rogede sild","30","205.20"
"3","1","1997",16,"Pavlova","53","663.72"
"3","1","1997",76,"Lakkalikööri","42","514.08"
"3","1","1997",23,"Tunnbröd","36","259.20"
"4","2","1997",43,"Ipoh Coffee","15","586.50"
"4","2","1997",48,"Chocolade","15","162.56"
"4","2","1997",32,"Mascarpone Fabioli","50","1280.00"
"4","2","1997",1,"Chai","40","576.00"
"4","2","1997",24,"Guaraná Fantástica","37","159.75"
"4","2","1997",41,"Jack's New England Clam Chowder","110","945.30"
"4","2","1997",54,"Tourtière","20","149.00"
"4","2","1997",38,"Côte de Blaye","15","3952.50"
"4","2","1997",25,"NuNuCa Nuß-Nougat-Creme","78","865.20"
"4","2","1997",72,"Mozzarella di Giovanni","25","695.00"
"4","2","1997",61,"Sirop d'érable","40","1054.50"
"4","2","1997",75,"Rhönbräu Klosterbier","86","638.60"
"4","2","1997",69,"Gudbrandsdalsost","10","259.20"
"4","2","1997",67,"Laughing Lumberjack Lager","30","420.00"
"4","2","1997",27,"Schoggi Schokolade","120","5268.00"
"4","2","1997",28,"Rössle Sauerkraut","66","2991.36"
"4","2","1997",46,"Spegesild","9","91.80"
"4","2","1997",35,"Steeleye Stout","3","54.00"
"4","2","1997",42,"Singaporean Hokkien Fried Mee","70","912.80"
"4","2","1997",13,"Konbu","10","60.00"
"4","2","1997",15,"Genen Shouyu","12","176.70"
"4","2","1997",9,"Mishi Kobe Niku","16","1319.20"
"4","2","1997",44,"Gula Malacca","9","175.05"
"4","2","1997",21,"Sir Rodney's Scones","52","440.00"
"4","2","1997",30,"Nord-Ost Matjeshering","20","414.24"
"4","2","1997",4,"Chef Anton's Cajun Seasoning","50","935.00"
"4","2","1997",52,"Filo Mix","6","42.00"
"4","2","1997",77,"Original Frankfurter grüne Soße","30","312.00"
"4","2","1997",14,"Tofu","70","1627.50"
"4","2","1997",62,"Tarte au sucre","3","147.90"
"4","2","1997",60,"Camembert Pierrot","106","3097.40"
"4","2","1997",20,"Sir Rodney's Marmalade","39","3159.00"
"4","2","1997",29,"Thüringer Rostbratwurst","36","4456.44"
"4","2","1997",23,"Tunnbröd","10","72.00"
"4","2","1997",2,"Chang","12","228.00"
"4","2","1997",49,"Maxilaku","25","500.00"
"4","2","1997",45,"Rogede sild","21","199.50"
"4","2","1997",65,"Louisiana Fiery Hot Pepper Sauce","74","1468.75"
"4","2","1997",16,"Pavlova","50","872.50"
"4","2","1997",18,"Carnarvon Tigers","25","1406.25"
"4","2","1997",33,"Geitost","16","34.00"
"4","2","1997",56,"Gnocchi di nonna Alice","154","5517.60"
"4","2","1997",66,"Louisiana Hot Spiced Okra","10","122.40"
"4","2","1997",8,"Northwoods Cranberry Sauce","34","1300.00"
"4","2","1997",68,"Scottish Longbreads","6","75.00"
"4","2","1997",31,"Gorgonzola Telino","20","190.00"
"4","2","1997",10,"Ikura","16","471.20"
"4","2","1997",47,"Zaanse koeken","6","48.45"
"4","2","1997",70,"Outback Lager","20","279.00"
"4","2","1997",40,"Boston Crab Meat","30","460.00"
"4","2","1997",53,"Perth Pasties","21","688.80"
"4","2","1997",59,"Raclette Courdavault","4","220.00"
"4","2","1997",7,"Uncle Bob's Organic Dried Pears","50","1275.00"
"4","2","1997",39,"Chartreuse verte","10","180.00"
"5","2","1997",32,"Mascarpone Fabioli","24","652.80"
"5","2","1997",17,"Alice Mutton","73","2718.30"
"5","2","1997",68,"Scottish Longbreads","55","687.50"
"5","2","1997",38,"Côte de Blaye","34","8853.60"
"5","2","1997",26,"Gumbär Gummibärchen","40","1249.20"
"5","2","1997",16,"Pavlova","84","1334.93"
"5","2","1997",28,"Rössle Sauerkraut","7","319.20"
"5","2","1997",7,"Uncle Bob's Organic Dried Pears","10","300.00"
"5","2","1997",65,"Louisiana Fiery Hot Pepper Sauce","36","682.02"
"5","2","1997",75,"Rhönbräu Klosterbier","30","232.50"
"5","2","1997",73,"Röd Kaviar","33","477.00"
"5","2","1997",70,"Outback Lager","7","105.00"
"5","2","1997",49,"Maxilaku","6","120.00"
"5","2","1997",56,"Gnocchi di nonna Alice","30","969.00"
"5","2","1997",13,"Konbu","18","108.00"
"5","2","1997",55,"Pâté chinois","14","336.00"
"5","2","1997",21,"Sir Rodney's Scones","21","204.00"
"5","2","1997",11,"Queso Cabrales","93","1832.25"
"5","2","1997",35,"Steeleye Stout","56","954.00"
"5","2","1997",34,"Sasquatch Ale","10","105.00"
"5","2","1997",12,"Queso Manchego La Pastora","45","1396.50"
"5","2","1997",19,"Teatime Chocolate Biscuits","10","92.00"
"5","2","1997",61,"Sirop d'érable","30","826.50"
"5","2","1997",57,"Ravioli Angelo","5","87.75"
"5","2","1997",62,"Tarte au sucre","60","2908.70"
"5","2","1997",60,"Camembert Pierrot","35","892.50"
"5","2","1997",40,"Boston Crab Meat","35","561.20"
"5","2","1997",23,"Tunnbröd","90","706.50"
"5","2","1997",59,"Raclette Courdavault","17","852.50"
"5","2","1997",3,"Aniseed Syrup","60","600.00"
"5","2","1997",31,"Gorgonzola Telino","135","1584.37"
"5","2","1997",41,"Jack's New England Clam Chowder","20","187.21"
"5","2","1997",66,"Louisiana Hot Spiced Okra","24","408.00"
"5","2","1997",44,"Gula Malacca","40","778.00"
"5","2","1997",4,"Chef Anton's Cajun Seasoning","100","2035.00"
"5","2","1997",72,"Mozzarella di Giovanni","55","1914.00"
"5","2","1997",69,"Gudbrandsdalsost","28","1008.00"
"5","2","1997",37,"Gravad lax","18","421.20"
"5","2","1997",71,"Flotemysost","9","174.15"
"5","2","1997",22,"Gustaf's Knäckebröd","24","504.00"
"5","2","1997",51,"Manjimup Dried Apples","54","2480.40"
"5","2","1997",58,"Escargots de Bourgogne","20","265.00"
"5","2","1997",43,"Ipoh Coffee","85","3910.00"
"5","2","1997",76,"Lakkalikööri","50","900.00"
"5","2","1997",30,"Nord-Ost Matjeshering","35","906.15"
"5","2","1997",33,"Geitost","53","128.50"
"5","2","1997",77,"Original Frankfurter grüne Soße","10","123.50"
"5","2","1997",20,"Sir Rodney's Marmalade","15","1093.50"
"5","2","1997",36,"Inlagd Sill","120","2223.00"
"5","2","1997",67,"Laughing Lumberjack Lager","7","98.00"
"5","2","1997",54,"Tourtière","49","341.21"
"5","2","1997",10,"Ikura","2","62.00"
"5","2","1997",24,"Guaraná Fantástica","35","141.75"
"5","2","1997",1,"Chai","8","122.40"
"5","2","1997",45,"Rogede sild","100","807.50"
"6","2","1997",65,"Louisiana Fiery Hot Pepper Sauce","30","599.92"
"6","2","1997",18,"Carnarvon Tigers","18","956.25"
"6","2","1997",16,"Pavlova","12","188.46"
"6","2","1997",47,"Zaanse koeken","25","237.50"
"6","2","1997",40,"Boston Crab Meat","52","956.80"
"6","2","1997",32,"Mascarpone Fabioli","10","288.00"
"6","2","1997",53,"Perth Pasties","43","1410.40"
"6","2","1997",56,"Gnocchi di nonna Alice","100","3382.00"
"6","2","1997",35,"Steeleye Stout","20","360.00"
"6","2","1997",44,"Gula Malacca","31","602.95"
"6","2","1997",19,"Teatime Chocolate Biscuits","35","257.60"
"6","2","1997",59,"Raclette Courdavault","52","2420.00"
"6","2","1997",76,"Lakkalikööri","64","1152.00"
"6","2","1997",42,"Singaporean Hokkien Fried Mee","28","333.20"
"6","2","1997",73,"Röd Kaviar","3","45.00"
"6","2","1997",41,"Jack's New England Clam Chowder","21","192.52"
"6","2","1997",11,"Queso Cabrales","50","924.00"
"6","2","1997",55,"Pâté chinois","43","980.40"
"6","2","1997",24,"Guaraná Fantástica","43","166.05"
"6","2","1997",51,"Manjimup Dried Apples","93","4717.00"
"6","2","1997",14,"Tofu","56","1106.70"
"6","2","1997",60,"Camembert Pierrot","24","693.60"
"6","2","1997",15,"Genen Shouyu","10","155.00"
"6","2","1997",75,"Rhönbräu Klosterbier","126","887.37"
"6","2","1997",1,"Chai","10","180.00"
"6","2","1997",30,"Nord-Ost Matjeshering","20","517.80"
"6","2","1997",72,"Mozzarella di Giovanni","54","1879.20"
"6","2","1997",69,"Gudbrandsdalsost","10","306.00"
"6","2","1997",31,"Gorgonzola Telino","171","1865.00"
"6","2","1997",10,"Ikura","5","155.00"
"6","2","1997",33,"Geitost","34","80.00"
"6","2","1997",77,"Original Frankfurter grüne Soße","18","234.00"
"6","2","1997",17,"Alice Mutton","34","1294.80"
"6","2","1997",62,"Tarte au sucre","35","1491.32"
"6","2","1997",39,"Chartreuse verte","10","180.00"
"6","2","1997",34,"Sasquatch Ale","40","560.00"
"6","2","1997",36,"Inlagd Sill","25","475.00"
"6","2","1997",57,"Ravioli Angelo","10","195.00"
"6","2","1997",29,"Thüringer Rostbratwurst","10","1237.90"
"6","2","1997",52,"Filo Mix","100","700.00"
"6","2","1997",64,"Wimmers gute Semmelknödel","54","1735.65"
"6","2","1997",63,"Vegie-spread","6","263.40"
"7","3","1997",58,"Escargots de Bourgogne","30","397.50"
"7","3","1997",76,"Lakkalikööri","94","1659.60"
"7","3","1997",52,"Filo Mix","28","191.80"
"7","3","1997",70,"Outback Lager","15","213.75"
"7","3","1997",75,"Rhönbräu Klosterbier","70","496.00"
"7","3","1997",39,"Chartreuse verte","5","90.00"
"7","3","1997",49,"Maxilaku","43","835.00"
"7","3","1997",40,"Boston Crab Meat","42","772.80"
"7","3","1997",73,"Röd Kaviar","30","450.00"
"7","3","1997",72,"Mozzarella di Giovanni","12","417.60"
"7","3","1997",63,"Vegie-spread","24","842.88"
"7","3","1997",69,"Gudbrandsdalsost","85","2331.00"
"7","3","1997",59,"Raclette Courdavault","85","4372.50"
"7","3","1997",55,"Pâté chinois","25","504.00"
"7","3","1997",15,"Genen Shouyu","25","368.12"
"7","3","1997",17,"Alice Mutton","100","3900.00"
"7","3","1997",77,"Original Frankfurter grüne Soße","85","1049.75"
"7","3","1997",48,"Chocolade","6","68.85"
"7","3","1997",7,"Uncle Bob's Organic Dried Pears","55","1650.00"
"7","3","1997",22,"Gustaf's Knäckebröd","48","1008.00"
"7","3","1997",36,"Inlagd Sill","76","1344.25"
"7","3","1997",56,"Gnocchi di nonna Alice","47","1748.00"
"7","3","1997",42,"Singaporean Hokkien Fried Mee","100","1120.00"
"7","3","1997",18,"Carnarvon Tigers","40","2000.00"
"7","3","1997",33,"Geitost","14","35.00"
"7","3","1997",61,"Sirop d'érable","120","2565.00"
"7","3","1997",60,"Camembert Pierrot","125","4131.00"
"7","3","1997",47,"Zaanse koeken","15","142.50"
"7","3","1997",57,"Ravioli Angelo","20","390.00"
"7","3","1997",4,"Chef Anton's Cajun Seasoning","20","352.00"
"7","3","1997",38,"Côte de Blaye","15","3754.87"
"7","3","1997",20,"Sir Rodney's Marmalade","21","1360.80"
"7","3","1997",27,"Schoggi Schokolade","50","2195.00"
"7","3","1997",2,"Chang","10","190.00"
"7","3","1997",54,"Tourtière","54","402.30"
"7","3","1997",13,"Konbu","68","403.20"
"7","3","1997",62,"Tarte au sucre","20","887.40"
"7","3","1997",3,"Aniseed Syrup","14","140.00"
"7","3","1997",21,"Sir Rodney's Scones","14","140.00"
"7","3","1997",71,"Flotemysost","39","806.25"
"7","3","1997",10,"Ikura","80","2480.00"
"7","3","1997",26,"Gumbär Gummibärchen","11","335.72"
"7","3","1997",1,"Chai","29","522.00"
"7","3","1997",16,"Pavlova","30","497.33"
"7","3","1997",65,"Louisiana Fiery Hot Pepper Sauce","12","202.08"
"7","3","1997",11,"Queso Cabrales","14","294.00"
"7","3","1997",24,"Guaraná Fantástica","35","126.00"
"7","3","1997",35,"Steeleye Stout","54","837.00"
"8","3","1997",26,"Gumbär Gummibärchen","35","929.09"
"8","3","1997",53,"Perth Pasties","37","1172.60"
"8","3","1997",60,"Camembert Pierrot","30","1020.00"
"8","3","1997",69,"Gudbrandsdalsost","20","540.00"
"8","3","1997",71,"Flotemysost","65","1236.25"
"8","3","1997",46,"Spegesild","23","244.80"
"8","3","1997",18,"Carnarvon Tigers","82","5100.00"
"8","3","1997",1,"Chai","40","652.50"
"8","3","1997",40,"Boston Crab Meat","60","1104.00"
"8","3","1997",13,"Konbu","13","66.30"
"8","3","1997",30,"Nord-Ost Matjeshering","30","776.70"
"8","3","1997",7,"Uncle Bob's Organic Dried Pears","35","1050.00"
"8","3","1997",10,"Ikura","18","418.50"
"8","3","1997",11,"Queso Cabrales","10","210.00"
"8","3","1997",19,"Teatime Chocolate Biscuits","50","446.20"
"8","3","1997",12,"Queso Manchego La Pastora","36","1162.80"
"8","3","1997",61,"Sirop d'érable","20","456.00"
"8","3","1997",39,"Chartreuse verte","41","643.50"
"8","3","1997",50,"Valkoinen suklaa","25","385.94"
"8","3","1997",29,"Thüringer Rostbratwurst","26","3218.54"
"8","3","1997",70,"Outback Lager","35","468.75"
"8","3","1997",21,"Sir Rodney's Scones","97","885.00"
"8","3","1997",76,"Lakkalikööri","35","630.00"
"8","3","1997",72,"Mozzarella di Giovanni","75","2610.00"
"8","3","1997",56,"Gnocchi di nonna Alice","80","2926.00"
"8","3","1997",4,"Chef Anton's Cajun Seasoning","35","748.00"
"8","3","1997",43,"Ipoh Coffee","20","920.00"
"8","3","1997",65,"Louisiana Fiery Hot Pepper Sauce","21","442.05"
"8","3","1997",68,"Scottish Longbreads","33","367.50"
"8","3","1997",62,"Tarte au sucre","95","4091.90"
"8","3","1997",54,"Tourtière","30","223.50"
"8","3","1997",6,"Grandma's Boysenberry Spread","70","1750.00"
"8","3","1997",5,"Chef Anton's Gumbo Mix","15","288.23"
"8","3","1997",42,"Singaporean Hokkien Fried Mee","5","70.00"
"8","3","1997",51,"Manjimup Dried Apples","15","795.00"
"8","3","1997",44,"Gula Malacca","10","194.50"
"8","3","1997",73,"Röd Kaviar","35","446.25"
"8","3","1997",22,"Gustaf's Knäckebröd","95","1995.00"
"8","3","1997",45,"Rogede sild","20","190.00"
"8","3","1997",33,"Geitost","20","47.50"
"8","3","1997",55,"Pâté chinois","12","273.60"
"8","3","1997",64,"Wimmers gute Semmelknödel","9","299.25"
"8","3","1997",75,"Rhönbräu Klosterbier","10","71.30"
"8","3","1997",77,"Original Frankfurter grüne Soße","35","341.25"
"8","3","1997",52,"Filo Mix","5","35.00"
"8","3","1997",2,"Chang","100","1871.50"
"8","3","1997",24,"Guaraná Fantástica","23","93.37"
"8","3","1997",35,"Steeleye Stout","30","486.00"
"8","3","1997",36,"Inlagd Sill","15","285.00"
"8","3","1997",58,"Escargots de Bourgogne","6","79.50"
"8","3","1997",23,"Tunnbröd","10","90.00"
"8","3","1997",14,"Tofu","24","558.00"
"8","3","1997",28,"Rössle Sauerkraut","45","1881.00"
"9","3","1997",54,"Tourtière","36","263.73"
"9","3","1997",29,"Thüringer Rostbratwurst","46","5694.34"
"9","3","1997",67,"Laughing Lumberjack Lager","25","350.00"
"9","3","1997",12,"Queso Manchego La Pastora","100","3800.00"
"9","3","1997",71,"Flotemysost","26","498.80"
"9","3","1997",55,"Pâté chinois","4","86.40"
"9","3","1997",52,"Filo Mix","9","63.00"
"9","3","1997",53,"Perth Pasties","10","328.00"
"9","3","1997",56,"Gnocchi di nonna Alice","57","2097.60"
"9","3","1997",21,"Sir Rodney's Scones","72","708.00"
"9","3","1997",33,"Geitost","68","167.00"
"9","3","1997",19,"Teatime Chocolate Biscuits","49","395.60"
"9","3","1997",68,"Scottish Longbreads","10","125.00"
"9","3","1997",4,"Chef Anton's Cajun Seasoning","12","237.60"
"9","3","1997",73,"Röd Kaviar","50","750.00"
"9","3","1997",14,"Tofu","33","760.27"
"9","3","1997",10,"Ikura","46","1314.40"
"9","3","1997",16,"Pavlova","93","1352.38"
"9","3","1997",64,"Wimmers gute Semmelknödel","43","1379.87"
"9","3","1997",9,"Mishi Kobe Niku","50","3637.50"
"9","3","1997",51,"Manjimup Dried Apples","40","2067.00"
"9","3","1997",65,"Louisiana Fiery Hot Pepper Sauce","37","731.49"
"9","3","1997",43,"Ipoh Coffee","6","276.00"
"9","3","1997",46,"Spegesild","105","1260.00"
"9","3","1997",59,"Raclette Courdavault","13","715.00"
"9","3","1997",44,"Gula Malacca","49","898.59"
"9","3","1997",77,"Original Frankfurter grüne Soße","70","864.50"
"9","3","1997",60,"Camembert Pierrot","135","4428.50"
"9","3","1997",40,"Boston Crab Meat","144","2535.52"
"9","3","1997",17,"Alice Mutton","30","936.00"
"9","3","1997",66,"Louisiana Hot Spiced Okra","4","68.00"
"9","3","1997",20,"Sir Rodney's Marmalade","21","1701.00"
"9","3","1997",38,"Côte de Blaye","15","3557.25"
"9","3","1997",75,"Rhönbräu Klosterbier","55","426.25"
"9","3","1997",42,"Singaporean Hokkien Fried Mee","96","1183.00"
"9","3","1997",70,"Outback Lager","40","570.00"
"9","3","1997",47,"Zaanse koeken","71","668.80"
"9","3","1997",76,"Lakkalikööri","10","180.00"
"9","3","1997",23,"Tunnbröd","37","333.00"
"9","3","1997",62,"Tarte au sucre","10","493.00"
"9","3","1997",31,"Gorgonzola Telino","48","515.00"
"9","3","1997",30,"Nord-Ost Matjeshering","2","38.83"
"9","3","1997",26,"Gumbär Gummibärchen","45","1264.81"
"9","3","1997",15,"Genen Shouyu","50","775.00"
"9","3","1997",36,"Inlagd Sill","36","655.50"
"9","3","1997",41,"Jack's New England Clam Chowder","168","1582.60"
"9","3","1997",58,"Escargots de Bourgogne","79","916.90"
"9","3","1997",69,"Gudbrandsdalsost","45","1296.00"
"9","3","1997",39,"Chartreuse verte","23","367.20"
"9","3","1997",22,"Gustaf's Knäckebröd","20","315.00"
"10","4","1997",1,"Chai","70","1084.50"
"10","4","1997",60,"Camembert Pierrot","10","340.00"
"10","4","1997",35,"Steeleye Stout","30","499.50"
"10","4","1997",18,"Carnarvon Tigers","12","562.50"
"10","4","1997",21,"Sir Rodney's Scones","37","354.00"
"10","4","1997",75,"Rhönbräu Klosterbier","42","325.50"
"10","4","1997",62,"Tarte au sucre","68","3352.40"
"10","4","1997",8,"Northwoods Cranberry Sauce","50","2000.00"
"10","4","1997",55,"Pâté chinois","27","648.00"
"10","4","1997",30,"Nord-Ost Matjeshering","3","58.25"
"10","4","1997",34,"Sasquatch Ale","26","330.40"
"10","4","1997",12,"Queso Manchego La Pastora","40","1520.00"
"10","4","1997",57,"Ravioli Angelo","40","780.00"
"10","4","1997",70,"Outback Lager","116","1558.50"
"10","4","1997",17,"Alice Mutton","55","1866.15"
"10","4","1997",76,"Lakkalikööri","50","805.50"
"10","4","1997",71,"Flotemysost","118","2214.50"
"10","4","1997",36,"Inlagd Sill","45","855.00"
"10","4","1997",29,"Thüringer Rostbratwurst","52","6362.81"
"10","4","1997",61,"Sirop d'érable","15","427.50"
"10","4","1997",59,"Raclette Courdavault","110","5703.50"
"10","4","1997",28,"Rössle Sauerkraut","60","2462.40"
"10","4","1997",77,"Original Frankfurter grüne Soße","30","292.50"
"10","4","1997",11,"Queso Cabrales","15","315.00"
"10","4","1997",43,"Ipoh Coffee","64","2944.00"
"10","4","1997",48,"Chocolade","24","306.00"
"10","4","1997",31,"Gorgonzola Telino","70","875.00"
"10","4","1997",9,"Mishi Kobe Niku","6","582.00"
"10","4","1997",44,"Gula Malacca","74","1390.68"
"10","4","1997",51,"Manjimup Dried Apples","35","1855.00"
"10","4","1997",7,"Uncle Bob's Organic Dried Pears","90","2700.00"
"10","4","1997",46,"Spegesild","42","504.00"
"10","4","1997",5,"Chef Anton's Gumbo Mix","4","85.40"
"10","4","1997",52,"Filo Mix","4","28.00"
"10","4","1997",54,"Tourtière","115","715.20"
"10","4","1997",24,"Guaraná Fantástica","55","247.50"
"10","4","1997",65,"Louisiana Fiery Hot Pepper Sauce","65","1299.84"
"10","4","1997",45,"Rogede sild","110","1045.00"
"10","4","1997",32,"Mascarpone Fabioli","4","128.00"
"10","4","1997",53,"Perth Pasties","123","4029.48"
"10","4","1997",4,"Chef Anton's Cajun Seasoning","6","132.00"
"10","4","1997",69,"Gudbrandsdalsost","55","1773.00"
"10","4","1997",58,"Escargots de Bourgogne","42","417.38"
"10","4","1997",3,"Aniseed Syrup","6","60.00"
"10","4","1997",2,"Chang","38","579.50"
"10","4","1997",63,"Vegie-spread","20","878.00"
"10","4","1997",16,"Pavlova","40","698.00"
"10","4","1997",47,"Zaanse koeken","67","517.75"
"10","4","1997",19,"Teatime Chocolate Biscuits","24","204.70"
"10","4","1997",26,"Gumbär Gummibärchen","45","1405.35"
"10","4","1997",10,"Ikura","73","2207.20"
"10","4","1997",56,"Gnocchi di nonna Alice","68","2223.00"
"10","4","1997",73,"Röd Kaviar","50","716.25"
"10","4","1997",68,"Scottish Longbreads","85","962.50"
"10","4","1997",41,"Jack's New England Clam Chowder","54","521.10"
"11","4","1997",42,"Singaporean Hokkien Fried Mee","28","392.00"
"11","4","1997",52,"Filo Mix","103","721.00"
"11","4","1997",69,"Gudbrandsdalsost","118","3879.00"
"11","4","1997",31,"Gorgonzola Telino","11","135.62"
"11","4","1997",30,"Nord-Ost Matjeshering","60","1553.40"
"11","4","1997",61,"Sirop d'érable","20","513.00"
"11","4","1997",14,"Tofu","21","470.81"
"11","4","1997",46,"Spegesild","28","319.20"
"11","4","1997",40,"Boston Crab Meat","99","1637.60"
"11","4","1997",70,"Outback Lager","40","600.00"
"11","4","1997",47,"Zaanse koeken","30","213.75"
"11","4","1997",13,"Konbu","10","60.00"
"11","4","1997",4,"Chef Anton's Cajun Seasoning","25","550.00"
"11","4","1997",77,"Original Frankfurter grüne Soße","2","23.40"
"11","4","1997",3,"Aniseed Syrup","20","200.00"
"11","4","1997",63,"Vegie-spread","9","395.10"
"11","4","1997",62,"Tarte au sucre","39","1922.70"
"11","4","1997",76,"Lakkalikööri","50","900.00"
"11","4","1997",17,"Alice Mutton","20","741.00"
"11","4","1997",28,"Rössle Sauerkraut","25","1094.40"
"11","4","1997",65,"Louisiana Fiery Hot Pepper Sauce","50","1041.97"
"11","4","1997",34,"Sasquatch Ale","30","420.00"
"11","4","1997",18,"Carnarvon Tigers","45","2550.00"
"11","4","1997",36,"Inlagd Sill","26","418.00"
"11","4","1997",35,"Steeleye Stout","35","504.00"
"11","4","1997",60,"Camembert Pierrot","65","2210.00"
"11","4","1997",55,"Pâté chinois","12","288.00"
"11","4","1997",74,"Longlife Tofu","5","50.00"
"11","4","1997",75,"Rhönbräu Klosterbier","20","155.00"
"11","4","1997",56,"Gnocchi di nonna Alice","97","3275.60"
"11","4","1997",64,"Wimmers gute Semmelknödel","24","798.00"
"11","4","1997",68,"Scottish Longbreads","6","60.00"
"11","4","1997",73,"Röd Kaviar","15","225.00"
"11","4","1997",23,"Tunnbröd","44","396.00"
"11","4","1997",21,"Sir Rodney's Scones","70","680.00"
"11","4","1997",6,"Grandma's Boysenberry Spread","30","750.00"
"11","4","1997",2,"Chang","15","228.00"
"11","4","1997",16,"Pavlova","18","301.01"
"11","4","1997",50,"Valkoinen suklaa","60","942.50"
"11","4","1997",51,"Manjimup Dried Apples","30","1510.50"
"11","4","1997",45,"Rogede sild","84","665.00"
"11","4","1997",1,"Chai","58","1044.00"
"11","4","1997",59,"Raclette Courdavault","93","4881.25"
"11","4","1997",11,"Queso Cabrales","5","105.00"
"11","4","1997",26,"Gumbär Gummibärchen","32","961.88"
"11","4","1997",41,"Jack's New England Clam Chowder","47","453.55"
"11","4","1997",57,"Ravioli Angelo","14","204.75"
"11","4","1997",32,"Mascarpone Fabioli","10","320.00"
"11","4","1997",44,"Gula Malacca","16","311.20"
"11","4","1997",72,"Mozzarella di Giovanni","42","1461.60"
"12","4","1997",35,"Steeleye Stout","15","270.00"
"12","4","1997",66,"Louisiana Hot Spiced Okra","50","850.00"
"12","4","1997",10,"Ikura","52","1612.00"
"12","4","1997",19,"Teatime Chocolate Biscuits","74","646.76"
"12","4","1997",69,"Gudbrandsdalsost","24","691.20"
"12","4","1997",75,"Rhönbräu Klosterbier","117","815.30"
"12","4","1997",38,"Côte de Blaye","15","3952.50"
"12","4","1997",13,"Konbu","20","102.00"
"12","4","1997",27,"Schoggi Schokolade","40","1756.00"
"12","4","1997",52,"Filo Mix","23","155.75"
"12","4","1997",47,"Zaanse koeken","30","285.00"
"12","4","1997",60,"Camembert Pierrot","15","510.00"
"12","4","1997",36,"Inlagd Sill","30","570.00"
"12","4","1997",3,"Aniseed Syrup","20","180.00"
"12","4","1997",11,"Queso Cabrales","85","1601.25"
"12","4","1997",30,"Nord-Ost Matjeshering","40","796.12"
"12","4","1997",14,"Tofu","15","279.00"
"12","4","1997",72,"Mozzarella di Giovanni","40","1235.40"
"12","4","1997",44,"Gula Malacca","10","194.50"
"12","4","1997",68,"Scottish Longbreads","73","912.50"
"12","4","1997",56,"Gnocchi di nonna Alice","100","3534.00"
"12","4","1997",24,"Guaraná Fantástica","40","166.50"
"12","4","1997",2,"Chang","85","1505.75"
"12","4","1997",25,"NuNuCa Nuß-Nougat-Creme","62","693.00"
"12","4","1997",55,"Pâté chinois","60","1080.00"
"12","4","1997",40,"Boston Crab Meat","1","18.40"
"12","4","1997",34,"Sasquatch Ale","10","140.00"
"12","4","1997",49,"Maxilaku","4","68.00"
"12","4","1997",39,"Chartreuse verte","148","2424.60"
"12","4","1997",51,"Manjimup Dried Apples","188","9195.50"
"12","4","1997",28,"Rössle Sauerkraut","24","1094.40"
"12","4","1997",64,"Wimmers gute Semmelknödel","35","931.00"
"12","4","1997",16,"Pavlova","85","1483.25"
"12","4","1997",31,"Gorgonzola Telino","149","1671.25"
"12","4","1997",65,"Louisiana Fiery Hot Pepper Sauce","82","1557.70"
"12","4","1997",70,"Outback Lager","35","525.00"
"12","4","1997",29,"Thüringer Rostbratwurst","72","8083.49"
"12","4","1997",17,"Alice Mutton","108","3480.75"
"12","4","1997",62,"Tarte au sucre","42","2008.97"
"12","4","1997",18,"Carnarvon Tigers","30","1875.00"
"12","4","1997",61,"Sirop d'érable","20","570.00"
"12","4","1997",21,"Sir Rodney's Scones","40","400.00"
"12","4","1997",71,"Flotemysost","28","602.00"
"12","4","1997",59,"Raclette Courdavault","65","3533.75"
"12","4","1997",8,"Northwoods Cranberry Sauce","30","960.00"
"12","4","1997",26,"Gumbär Gummibärchen","21","524.66"
"12","4","1997",7,"Uncle Bob's Organic Dried Pears","38","1126.50"
"12","4","1997",42,"Singaporean Hokkien Fried Mee","34","411.60"
"12","4","1997",74,"Longlife Tofu","50","462.50"
"12","4","1997",45,"Rogede sild","27","243.67"
"12","4","1997",54,"Tourtière","19","122.92"
"12","4","1997",77,"Original Frankfurter grüne Soße","15","195.00"
"12","4","1997",22,"Gustaf's Knäckebröd","10","210.00"
"12","4","1997",63,"Vegie-spread","30","1317.00"
"12","4","1997",41,"Jack's New England Clam Chowder","74","689.97"
"12","4","1997",43,"Ipoh Coffee","30","1035.00"
"12","4","1997",67,"Laughing Lumberjack Lager","3","42.00"
"1","1","1998",40,"Boston Crab Meat","115","1950.40"
"1","1","1998",48,"Chocolade","8","86.70"
"1","1","1998",46,"Spegesild","35","420.00"
"1","1","1998",64,"Wimmers gute Semmelknödel","111","3441.38"
"1","1","1998",37,"Gravad lax","60","1248.00"
"1","1","1998",5,"Chef Anton's Gumbo Mix","30","640.50"
"1","1","1998",43,"Ipoh Coffee","41","1748.00"
"1","1","1998",70,"Outback Lager","96","1372.50"
"1","1","1998",26,"Gumbär Gummibärchen","105","2734.19"
"1","1","1998",75,"Rhönbräu Klosterbier","20","155.00"
"1","1","1998",25,"NuNuCa Nuß-Nougat-Creme","51","620.20"
"1","1","1998",18,"Carnarvon Tigers","55","3046.88"
"1","1","1998",3,"Aniseed Syrup","79","790.00"
"1","1","1998",77,"Original Frankfurter grüne Soße","52","651.30"
"1","1","1998",21,"Sir Rodney's Scones","40","400.00"
"1","1","1998",56,"Gnocchi di nonna Alice","104","3838.00"
"1","1","1998",23,"Tunnbröd","88","729.00"
"1","1","1998",4,"Chef Anton's Cajun Seasoning","21","462.00"
"1","1","1998",32,"Mascarpone Fabioli","20","640.00"
"1","1","1998",74,"Longlife Tofu","20","200.00"
"1","1","1998",13,"Konbu","91","483.90"
"1","1","1998",7,"Uncle Bob's Organic Dried Pears","25","690.00"
"1","1","1998",52,"Filo Mix","28","196.00"
"1","1","1998",62,"Tarte au sucre","101","4745.12"
"1","1","1998",16,"Pavlova","50","872.50"
"1","1","1998",24,"Guaraná Fantástica","40","135.00"
"1","1","1998",57,"Ravioli Angelo","64","1238.25"
"1","1","1998",54,"Tourtière","35","195.56"
"1","1","1998",31,"Gorgonzola Telino","74","893.75"
"1","1","1998",41,"Jack's New England Clam Chowder","52","501.80"
"1","1","1998",19,"Teatime Chocolate Biscuits","29","244.72"
"1","1","1998",1,"Chai","84","1206.00"
"1","1","1998",33,"Geitost","55","136.00"
"1","1","1998",42,"Singaporean Hokkien Fried Mee","62","809.20"
"1","1","1998",58,"Escargots de Bourgogne","90","1073.25"
"1","1","1998",68,"Scottish Longbreads","44","550.00"
"1","1","1998",72,"Mozzarella di Giovanni","55","1722.60"
"1","1","1998",36,"Inlagd Sill","50","712.50"
"1","1","1998",59,"Raclette Courdavault","147","7749.50"
"1","1","1998",71,"Flotemysost","55","946.00"
"1","1","1998",27,"Schoggi Schokolade","10","439.00"
"1","1","1998",29,"Thüringer Rostbratwurst","18","1869.23"
"1","1","1998",35,"Steeleye Stout","59","1017.00"
"1","1","1998",30,"Nord-Ost Matjeshering","20","491.91"
"1","1","1998",22,"Gustaf's Knäckebröd","87","1827.00"
"1","1","1998",8,"Northwoods Cranberry Sauce","20","800.00"
"1","1","1998",17,"Alice Mutton","48","1872.00"
"1","1","1998",65,"Louisiana Fiery Hot Pepper Sauce","15","268.39"
"1","1","1998",60,"Camembert Pierrot","156","4998.00"
"1","1","1998",45,"Rogede sild","36","273.60"
"1","1","1998",6,"Grandma's Boysenberry Spread","6","150.00"
"1","1","1998",38,"Côte de Blaye","70","18049.75"
"1","1","1998",53,"Perth Pasties","29","921.68"
"1","1","1998",47,"Zaanse koeken","40","285.00"
"1","1","1998",61,"Sirop d'érable","30","726.75"
"1","1","1998",10,"Ikura","131","3596.00"
"1","1","1998",51,"Manjimup Dried Apples","13","636.00"
"1","1","1998",44,"Gula Malacca","16","248.96"
"1","1","1998",76,"Lakkalikööri","91","1408.50"
"1","1","1998",2,"Chang","62","1127.65"
"1","1","1998",39,"Chartreuse verte","59","1026.00"
"1","1","1998",20,"Sir Rodney's Marmalade","5","405.00"
"1","1","1998",9,"Mishi Kobe Niku","3","291.00"
"1","1","1998",11,"Queso Cabrales","60","1218.00"
"2","1","1998",64,"Wimmers gute Semmelknödel","35","1138.81"
"2","1","1998",8,"Northwoods Cranberry Sauce","30","1200.00"
"2","1","1998",42,"Singaporean Hokkien Fried Mee","25","350.00"
"2","1","1998",39,"Chartreuse verte","133","2300.40"
"2","1","1998",49,"Maxilaku","87","1596.00"
"2","1","1998",26,"Gumbär Gummibärchen","20","624.60"
"2","1","1998",62,"Tarte au sucre","61","2913.63"
"2","1","1998",6,"Grandma's Boysenberry Spread","50","1187.50"
"2","1","1998",21,"Sir Rodney's Scones","60","580.00"
"2","1","1998",1,"Chai","90","1548.00"
"2","1","1998",17,"Alice Mutton","53","2035.80"
"2","1","1998",4,"Chef Anton's Cajun Seasoning","30","495.00"
"2","1","1998",11,"Queso Cabrales","90","1680.00"
"2","1","1998",40,"Boston Crab Meat","103","1895.20"
"2","1","1998",60,"Camembert Pierrot","100","3400.00"
"2","1","1998",2,"Chang","61","1059.25"
"2","1","1998",41,"Jack's New England Clam Chowder","49","472.85"
"2","1","1998",77,"Original Frankfurter grüne Soße","65","845.00"
"2","1","1998",45,"Rogede sild","15","142.50"
"2","1","1998",16,"Pavlova","63","958.01"
"2","1","1998",51,"Manjimup Dried Apples","2","106.00"
"2","1","1998",71,"Flotemysost","55","1182.50"
"2","1","1998",57,"Ravioli Angelo","20","390.00"
"2","1","1998",47,"Zaanse koeken","21","179.55"
"2","1","1998",59,"Raclette Courdavault","40","2090.00"
"2","1","1998",24,"Guaraná Fantástica","146","650.25"
"2","1","1998",65,"Louisiana Fiery Hot Pepper Sauce","64","1312.47"
"2","1","1998",19,"Teatime Chocolate Biscuits","37","340.40"
"2","1","1998",36,"Inlagd Sill","20","380.00"
"2","1","1998",55,"Pâté chinois","40","840.00"
"2","1","1998",30,"Nord-Ost Matjeshering","126","2983.82"
"2","1","1998",34,"Sasquatch Ale","10","140.00"
"2","1","1998",32,"Mascarpone Fabioli","6","192.00"
"2","1","1998",18,"Carnarvon Tigers","25","1562.50"
"2","1","1998",29,"Thüringer Rostbratwurst","164","18444.71"
"2","1","1998",7,"Uncle Bob's Organic Dried Pears","32","930.00"
"2","1","1998",56,"Gnocchi di nonna Alice","37","1366.10"
"2","1","1998",46,"Spegesild","21","252.00"
"2","1","1998",25,"NuNuCa Nuß-Nougat-Creme","5","70.00"
"2","1","1998",38,"Côte de Blaye","100","25559.50"
"2","1","1998",54,"Tourtière","42","277.14"
"2","1","1998",23,"Tunnbröd","80","666.00"
"2","1","1998",69,"Gudbrandsdalsost","50","1710.00"
"2","1","1998",61,"Sirop d'érable","50","1254.00"
"2","1","1998",52,"Filo Mix","14","93.10"
"2","1","1998",20,"Sir Rodney's Marmalade","20","1539.00"
"2","1","1998",10,"Ikura","80","2480.00"
"2","1","1998",67,"Laughing Lumberjack Lager","30","420.00"
"2","1","1998",28,"Rössle Sauerkraut","3","136.80"
"2","1","1998",75,"Rhönbräu Klosterbier","134","992.00"
"2","1","1998",35,"Steeleye Stout","37","666.00"
"2","1","1998",76,"Lakkalikööri","10","180.00"
"2","1","1998",13,"Konbu","73","429.60"
"2","1","1998",70,"Outback Lager","83","1083.75"
"2","1","1998",68,"Scottish Longbreads","58","725.00"
"2","1","1998",73,"Röd Kaviar","10","150.00"
"2","1","1998",31,"Gorgonzola Telino","35","437.50"
"2","1","1998",53,"Perth Pasties","3","98.40"
"2","1","1998",58,"Escargots de Bourgogne","42","532.65"
"2","1","1998",33,"Geitost","70","150.00"
"3","1","1998",52,"Filo Mix","63","370.30"
"3","1","1998",69,"Gudbrandsdalsost","19","684.00"
"3","1","1998",34,"Sasquatch Ale","20","280.00"
"3","1","1998",36,"Inlagd Sill","95","1619.75"
"3","1","1998",58,"Escargots de Bourgogne","30","318.00"
"3","1","1998",64,"Wimmers gute Semmelknödel","12","399.00"
"3","1","1998",18,"Carnarvon Tigers","18","1012.50"
"3","1","1998",1,"Chai","81","1188.00"
"3","1","1998",39,"Chartreuse verte","30","540.00"
"3","1","1998",55,"Pâté chinois","29","576.00"
"3","1","1998",42,"Singaporean Hokkien Fried Mee","10","112.00"
"3","1","1998",4,"Chef Anton's Cajun Seasoning","5","110.00"
"3","1","1998",31,"Gorgonzola Telino","153","1696.87"
"3","1","1998",46,"Spegesild","24","288.00"
"3","1","1998",5,"Chef Anton's Gumbo Mix","20","427.00"
"3","1","1998",6,"Grandma's Boysenberry Spread","88","2180.00"
"3","1","1998",35,"Steeleye Stout","50","900.00"
"3","1","1998",50,"Valkoinen suklaa","33","536.25"
"3","1","1998",12,"Queso Manchego La Pastora","50","1900.00"
"3","1","1998",38,"Côte de Blaye","65","17127.50"
"3","1","1998",33,"Geitost","22","53.12"
"3","1","1998",21,"Sir Rodney's Scones","148","1420.00"
"3","1","1998",47,"Zaanse koeken","49","465.50"
"3","1","1998",16,"Pavlova","173","2830.39"
"3","1","1998",37,"Gravad lax","8","208.00"
"3","1","1998",57,"Ravioli Angelo","45","877.50"
"3","1","1998",17,"Alice Mutton","27","1053.00"
"3","1","1998",67,"Laughing Lumberjack Lager","64","744.80"
"3","1","1998",63,"Vegie-spread","105","4609.50"
"3","1","1998",51,"Manjimup Dried Apples","74","3922.00"
"3","1","1998",27,"Schoggi Schokolade","55","2414.50"
"3","1","1998",26,"Gumbär Gummibärchen","5","156.15"
"3","1","1998",40,"Boston Crab Meat","30","552.00"
"3","1","1998",61,"Sirop d'érable","30","855.00"
"3","1","1998",29,"Thüringer Rostbratwurst","14","1733.06"
"3","1","1998",71,"Flotemysost","35","564.38"
"3","1","1998",62,"Tarte au sucre","156","6966.09"
"3","1","1998",49,"Maxilaku","68","1360.00"
"3","1","1998",19,"Teatime Chocolate Biscuits","19","174.80"
"3","1","1998",2,"Chang","10","161.50"
"3","1","1998",43,"Ipoh Coffee","49","1886.00"
"3","1","1998",41,"Jack's New England Clam Chowder","40","383.10"
"3","1","1998",22,"Gustaf's Knäckebröd","21","441.00"
"3","1","1998",53,"Perth Pasties","22","721.60"
"3","1","1998",72,"Mozzarella di Giovanni","101","3514.80"
"3","1","1998",23,"Tunnbröd","8","54.00"
"3","1","1998",20,"Sir Rodney's Marmalade","70","5467.50"
"3","1","1998",13,"Konbu","288","1584.60"
"3","1","1998",25,"NuNuCa Nuß-Nougat-Creme","24","336.00"
"3","1","1998",30,"Nord-Ost Matjeshering","31","802.59"
"3","1","1998",24,"Guaraná Fantástica","200","888.75"
"3","1","1998",60,"Camembert Pierrot","110","2978.40"
"3","1","1998",28,"Rössle Sauerkraut","60","2599.20"
"3","1","1998",56,"Gnocchi di nonna Alice","30","1071.60"
"3","1","1998",76,"Lakkalikööri","139","2502.00"
"3","1","1998",11,"Queso Cabrales","52","1065.75"
"3","1","1998",10,"Ikura","75","2263.00"
"3","1","1998",68,"Scottish Longbreads","80","750.00"
"3","1","1998",45,"Rogede sild","30","285.00"
"3","1","1998",32,"Mascarpone Fabioli","35","1008.00"
"3","1","1998",75,"Rhönbräu Klosterbier","217","1543.02"
"3","1","1998",77,"Original Frankfurter grüne Soße","70","910.00"
"3","1","1998",44,"Gula Malacca","24","361.77"
"3","1","1998",7,"Uncle Bob's Organic Dried Pears","217","6510.00"
"3","1","1998",8,"Northwoods Cranberry Sauce","36","1320.00"
"3","1","1998",59,"Raclette Courdavault","4","220.00"
"4","2","1998",7,"Uncle Bob's Organic Dried Pears","124","3720.00"
"4","2","1998",8,"Northwoods Cranberry Sauce","30","1200.00"
"4","2","1998",58,"Escargots de Bourgogne","40","503.50"
"4","2","1998",63,"Vegie-spread","42","1843.80"
"4","2","1998",33,"Geitost","55","137.50"
"4","2","1998",25,"NuNuCa Nuß-Nougat-Creme","15","210.00"
"4","2","1998",41,"Jack's New England Clam Chowder","113","940.39"
"4","2","1998",19,"Teatime Chocolate Biscuits","85","759.00"
"4","2","1998",53,"Perth Pasties","80","2328.80"
"4","2","1998",34,"Sasquatch Ale","180","2331.00"
"4","2","1998",21,"Sir Rodney's Scones","103","1015.00"
"4","2","1998",18,"Carnarvon Tigers","53","2875.00"
"4","2","1998",70,"Outback Lager","69","939.00"
"4","2","1998",42,"Singaporean Hokkien Fried Mee","112","1517.60"
"4","2","1998",13,"Konbu","193","1146.00"
"4","2","1998",26,"Gumbär Gummibärchen","81","2529.63"
"4","2","1998",56,"Gnocchi di nonna Alice","25","950.00"
"4","2","1998",71,"Flotemysost","197","4171.00"
"4","2","1998",10,"Ikura","24","632.40"
"4","2","1998",65,"Louisiana Fiery Hot Pepper Sauce","21","442.05"
"4","2","1998",74,"Longlife Tofu","20","200.00"
"4","2","1998",52,"Filo Mix","32","189.00"
"4","2","1998",11,"Queso Cabrales","10","210.00"
"4","2","1998",4,"Chef Anton's Cajun Seasoning","25","412.50"
"4","2","1998",12,"Queso Manchego La Pastora","44","1603.60"
"4","2","1998",44,"Gula Malacca","27","525.15"
"4","2","1998",17,"Alice Mutton","12","468.00"
"4","2","1998",54,"Tourtière","10","74.50"
"4","2","1998",59,"Raclette Courdavault","322","16285.50"
"4","2","1998",49,"Maxilaku","62","1240.00"
"4","2","1998",67,"Laughing Lumberjack Lager","20","280.00"
"4","2","1998",35,"Steeleye Stout","117","2049.30"
"4","2","1998",22,"Gustaf's Knäckebröd","25","525.00"
"4","2","1998",75,"Rhönbräu Klosterbier","30","232.50"
"4","2","1998",2,"Chang","201","2949.75"
"4","2","1998",51,"Manjimup Dried Apples","133","6426.25"
"4","2","1998",23,"Tunnbröd","10","90.00"
"4","2","1998",64,"Wimmers gute Semmelknödel","45","1330.00"
"4","2","1998",30,"Nord-Ost Matjeshering","15","388.35"
"4","2","1998",3,"Aniseed Syrup","25","250.00"
"4","2","1998",31,"Gorgonzola Telino","15","187.50"
"4","2","1998",76,"Lakkalikööri","146","2214.00"
"4","2","1998",36,"Inlagd Sill","69","1225.50"
"4","2","1998",20,"Sir Rodney's Marmalade","15","1215.00"
"4","2","1998",60,"Camembert Pierrot","174","5854.80"
"4","2","1998",61,"Sirop d'érable","97","2425.35"
"4","2","1998",32,"Mascarpone Fabioli","85","2696.00"
"4","2","1998",28,"Rössle Sauerkraut","90","3944.40"
"4","2","1998",38,"Côte de Blaye","25","6587.50"
"4","2","1998",46,"Spegesild","48","516.00"
"4","2","1998",62,"Tarte au sucre","33","1368.07"
"4","2","1998",1,"Chai","104","1741.50"
"4","2","1998",45,"Rogede sild","20","190.00"
"4","2","1998",24,"Guaraná Fantástica","140","553.50"
"4","2","1998",5,"Chef Anton's Gumbo Mix","100","1974.88"
"4","2","1998",68,"Scottish Longbreads","44","550.00"
"4","2","1998",72,"Mozzarella di Giovanni","37","1287.60"
"4","2","1998",69,"Gudbrandsdalsost","66","2246.40"
"4","2","1998",29,"Thüringer Rostbratwurst","122","11636.26"
"4","2","1998",43,"Ipoh Coffee","60","2484.00"
"4","2","1998",55,"Pâté chinois","181","4110.00"
"4","2","1998",57,"Ravioli Angelo","48","936.00"
"4","2","1998",77,"Original Frankfurter grüne Soße","79","1013.35"
"4","2","1998",40,"Boston Crab Meat","55","920.00"
"5","2","1998",7,"Uncle Bob's Organic Dried Pears","16","456.00"
"5","2","1998",11,"Queso Cabrales","10","210.00"
"5","2","1998",19,"Teatime Chocolate Biscuits","52","455.40"
"5","2","1998",53,"Perth Pasties","25","738.00"
"5","2","1998",4,"Chef Anton's Cajun Seasoning","1","22.00"
"5","2","1998",12,"Queso Manchego La Pastora","2","72.20"
"5","2","1998",17,"Alice Mutton","77","2702.70"
"5","2","1998",73,"Röd Kaviar","2","29.70"
"5","2","1998",76,"Lakkalikööri","2","30.60"
"5","2","1998",14,"Tofu","21","371.30"
"5","2","1998",20,"Sir Rodney's Marmalade","1","77.76"
"5","2","1998",13,"Konbu","14","81.00"
"5","2","1998",16,"Pavlova","49","763.26"
"5","2","1998",66,"Louisiana Hot Spiced Okra","1","17.00"
"5","2","1998",32,"Mascarpone Fabioli","1","32.00"
"5","2","1998",46,"Spegesild","33","341.28"
"5","2","1998",60,"Camembert Pierrot","2","63.92"
"5","2","1998",28,"Rössle Sauerkraut","8","310.08"
"5","2","1998",39,"Chartreuse verte","22","394.20"
"5","2","1998",6,"Grandma's Boysenberry Spread","21","399.50"
"5","2","1998",3,"Aniseed Syrup","4","40.00"
"5","2","1998",1,"Chai","40","612.00"
"5","2","1998",50,"Valkoinen suklaa","22","357.50"
"5","2","1998",8,"Northwoods Cranberry Sauce","2","72.00"
"5","2","1998",52,"Filo Mix","2","14.00"
"5","2","1998",23,"Tunnbröd","2","18.00"
"5","2","1998",31,"Gorgonzola Telino","20","250.00"
"5","2","1998",24,"Guaraná Fantástica","20","90.00"
"5","2","1998",54,"Tourtière","20","111.75"
"5","2","1998",41,"Jack's New England Clam Chowder","64","617.60"
"5","2","1998",77,"Original Frankfurter grüne Soße","30","335.40"
"5","2","1998",43,"Ipoh Coffee","36","1407.60"
"5","2","1998",55,"Pâté chinois","6","134.40"
"5","2","1998",64,"Wimmers gute Semmelknödel","132","4387.01"
"5","2","1998",34,"Sasquatch Ale","35","490.00"
"5","2","1998",10,"Ikura","1","31.00"
"5","2","1998",2,"Chang","62","1001.30"
"5","2","1998",30,"Nord-Ost Matjeshering","4","77.67"
"5","2","1998",75,"Rhönbräu Klosterbier","4","31.00"
"5","2","1998",68,"Scottish Longbreads","55","687.50"
