"country","product_id","product_name","total_quantity_sold","total_revenue"
"USA",38,"Côte de Blaye","170","41356.33"
"Germany",38,"Côte de Blaye","120","30829.50"
"Brazil",38,"Côte de Blaye","109","24400.10"
"USA",29,"Thüringer Rostbratwurst","173","17182.52"
"Ireland",29,"Thüringer Rostbratwurst","150","16711.65"
"Germany",59,"Raclette Courdavault","337","16577.00"
"USA",62,"Tarte au sucre","356","15648.05"
"USA",56,"Gnocchi di nonna Alice","386","12812.46"
"USA",17,"Alice Mutton","361","12802.53"
"Austria",38,"Côte de Blaye","70","12437.20"
"USA",59,"Raclette Courdavault","276","12193.50"
"Germany",29,"Thüringer Rostbratwurst","96","11797.19"
"Germany",60,"Camembert Pierrot","405","11609.30"
"Denmark",38,"Côte de Blaye","50","10540.00"
"Germany",62,"Tarte au sucre","215","9369.40"
"France",18,"Carnarvon Tigers","154","8781.25"
"Austria",59,"Raclette Courdavault","180","8514.00"
"Canada",38,"Côte de Blaye","49","8263.36"
"France",29,"Thüringer Rostbratwurst","69","7550.07"
"France",62,"Tarte au sucre","174","7420.18"
"Austria",64,"Wimmers gute Semmelknödel","224","6955.90"
"Germany",51,"Manjimup Dried Apples","155","6786.65"
"Venezuela",59,"Raclette Courdavault","135","6545.00"
"Austria",17,"Alice Mutton","191","6226.35"
"Austria",51,"Manjimup Dried Apples","120","6042.00"
"Germany",64,"Wimmers gute Semmelknödel","208","5958.40"
"Brazil",60,"Camembert Pierrot","212","5922.80"
"Germany",26,"Gumbär Gummibärchen","202","5877.03"
"USA",53,"Perth Pasties","186","5834.00"
"Canada",62,"Tarte au sucre","132","5773.58"
"Germany",27,"Schoggi Schokolade","135","5662.88"
"Germany",7,"Uncle Bob's Organic Dried Pears","190","5640.00"
"Germany",72,"Mozzarella di Giovanni","183","5591.40"
"Austria",69,"Gudbrandsdalsost","190","5571.00"
"Sweden",29,"Thüringer Rostbratwurst","60","5570.55"
"Austria",60,"Camembert Pierrot","160","5440.00"
"Germany",40,"Boston Crab Meat","345","5235.50"
"USA",60,"Camembert Pierrot","173","5184.32"
"Austria",28,"Rössle Sauerkraut","118","5054.28"
"UK",60,"Camembert Pierrot","166","4991.20"
"UK",20,"Sir Rodney's Marmalade","65","4941.00"
"Belgium",59,"Raclette Courdavault","90","4840.00"
"Austria",61,"Sirop d'érable","206","4733.85"
"Ireland",59,"Raclette Courdavault","112","4713.50"
"Sweden",51,"Manjimup Dried Apples","88","4664.00"
"USA",12,"Queso Manchego La Pastora","122","4632.20"
"USA",18,"Carnarvon Tigers","88","4612.50"
"Canada",60,"Camembert Pierrot","145","4598.50"
"Germany",76,"Lakkalikööri","287","4501.44"
"Switzerland",29,"Thüringer Rostbratwurst","36","4456.44"
"Germany",8,"Northwoods Cranberry Sauce","124","4400.00"
"Spain",29,"Thüringer Rostbratwurst","40","4332.65"
"USA",16,"Pavlova","295","4301.40"
"Brazil",56,"Gnocchi di nonna Alice","130","4294.00"
"Austria",63,"Vegie-spread","109","4213.10"
"USA",2,"Chang","294","4170.50"
"Germany",18,"Carnarvon Tigers","74","4125.00"
"Germany",55,"Pâté chinois","223","4118.40"
"Germany",20,"Sir Rodney's Marmalade","56","4114.80"
"Germany",43,"Ipoh Coffee","103","4103.20"
"Mexico",38,"Côte de Blaye","15","3952.50"
"USA",27,"Schoggi Schokolade","100","3950.00"
"Brazil",59,"Raclette Courdavault","77","3858.25"
"USA",71,"Flotemysost","215","3853.88"
"UK",7,"Uncle Bob's Organic Dried Pears","134","3840.00"
"Germany",2,"Chang","235","3745.09"
"USA",55,"Pâté chinois","191","3738.00"
"USA",72,"Mozzarella di Giovanni","117","3735.80"
"USA",7,"Uncle Bob's Organic Dried Pears","131","3730.50"
"USA",63,"Vegie-spread","114","3668.68"
"Ireland",9,"Mishi Kobe Niku","50","3637.50"
"Canada",56,"Gnocchi di nonna Alice","98","3610.00"
"Austria",56,"Gnocchi di nonna Alice","100","3572.00"
"Sweden",38,"Côte de Blaye","15","3557.25"
"Germany",71,"Flotemysost","190","3509.88"
"Canada",17,"Alice Mutton","126","3478.80"
"USA",64,"Wimmers gute Semmelknödel","110","3456.01"
"Brazil",43,"Ipoh Coffee","86","3431.60"
"France",38,"Côte de Blaye","15","3425.50"
"France",7,"Uncle Bob's Organic Dried Pears","124","3379.80"
"Austria",62,"Tarte au sucre","80","3352.40"
"USA",36,"Inlagd Sill","185","3325.00"
"Germany",69,"Gudbrandsdalsost","109","3303.00"
"Brazil",18,"Carnarvon Tigers","53","3225.00"
"USA",69,"Gudbrandsdalsost","100","3204.00"
"Germany",53,"Perth Pasties","115","3184.24"
"Austria",20,"Sir Rodney's Marmalade","39","3159.00"
"Switzerland",69,"Gudbrandsdalsost","96","3153.60"
"USA",61,"Sirop d'érable","141","3140.70"
"USA",51,"Manjimup Dried Apples","62","3074.00"
"Austria",12,"Queso Manchego La Pastora","86","3062.80"
"Belgium",28,"Rössle Sauerkraut","78","3023.20"
"Germany",16,"Pavlova","180","2983.95"
"France",51,"Manjimup Dried Apples","62","2968.00"
"USA",26,"Gumbär Gummibärchen","125","2961.60"
"USA",10,"Ikura","95","2945.00"
"USA",76,"Lakkalikööri","170","2925.00"
"Austria",39,"Chartreuse verte","175","2916.00"
"Venezuela",72,"Mozzarella di Giovanni","92","2873.35"
"Belgium",27,"Schoggi Schokolade","65","2853.50"
"Brazil",51,"Manjimup Dried Apples","65","2821.72"
"Austria",29,"Thüringer Rostbratwurst","26","2797.21"
"USA",1,"Chai","180","2797.20"
"Brazil",10,"Ikura","90","2790.00"
"Sweden",43,"Ipoh Coffee","60","2760.00"
"Venezuela",28,"Rössle Sauerkraut","60","2736.00"
"USA",68,"Scottish Longbreads","247","2679.00"
"Germany",39,"Chartreuse verte","174","2678.94"
"Switzerland",56,"Gnocchi di nonna Alice","72","2667.60"
"France",10,"Ikura","100","2641.20"
"Germany",35,"Steeleye Stout","173","2638.80"
"Austria",10,"Ikura","100","2635.00"
"Germany",30,"Nord-Ost Matjeshering","108","2631.62"
"Germany",36,"Inlagd Sill","162","2625.80"
"France",72,"Mozzarella di Giovanni","88","2593.40"
"Sweden",59,"Raclette Courdavault","50","2585.00"
"Brazil",8,"Northwoods Cranberry Sauce","70","2560.00"
"Germany",31,"Gorgonzola Telino","250","2558.12"
"Germany",21,"Sir Rodney's Scones","280","2551.00"
"France",43,"Ipoh Coffee","70","2548.40"
"USA",31,"Gorgonzola Telino","241","2541.25"
"Germany",65,"Louisiana Fiery Hot Pepper Sauce","138","2538.88"
"Germany",12,"Queso Manchego La Pastora","71","2517.50"
"Austria",65,"Louisiana Fiery Hot Pepper Sauce","126","2482.47"
"Denmark",28,"Rössle Sauerkraut","60","2462.40"
"Belgium",20,"Sir Rodney's Marmalade","40","2462.40"
"USA",35,"Steeleye Stout","174","2454.30"
"Germany",1,"Chai","170","2430.00"
"UK",51,"Manjimup Dried Apples","51","2427.40"
"Brazil",29,"Thüringer Rostbratwurst","23","2425.80"
"USA",44,"Gula Malacca","152","2416.89"
"Brazil",30,"Nord-Ost Matjeshering","97","2394.82"
"France",17,"Alice Mutton","67","2347.80"
"Germany",42,"Singaporean Hokkien Fried Mee","191","2310.00"
"Brazil",26,"Gumbär Gummibärchen","86","2305.98"
"Sweden",56,"Gnocchi di nonna Alice","60","2280.00"
"Austria",16,"Pavlova","164","2258.07"
"Germany",77,"Original Frankfurter grüne Soße","198","2237.95"
"Brazil",65,"Louisiana Fiery Hot Pepper Sauce","127","2228.67"
"Belgium",43,"Ipoh Coffee","62","2212.60"
"Belgium",56,"Gnocchi di nonna Alice","61","2204.00"
"Austria",18,"Carnarvon Tigers","44","2200.00"
"USA",75,"Rhönbräu Klosterbier","297","2171.55"
"USA",20,"Sir Rodney's Marmalade","28","2167.56"
"Sweden",28,"Rössle Sauerkraut","50","2143.20"
"Italy",72,"Mozzarella di Giovanni","70","2140.20"
"Venezuela",51,"Manjimup Dried Apples","45","2120.00"
"Spain",51,"Manjimup Dried Apples","40","2120.00"
"Venezuela",40,"Boston Crab Meat","115","2116.00"
"Norway",38,"Côte de Blaye","8","2108.00"
"Germany",56,"Gnocchi di nonna Alice","62","2097.60"
"Brazil",39,"Chartreuse verte","140","2080.80"
"UK",29,"Thüringer Rostbratwurst","21","2079.00"
"UK",31,"Gorgonzola Telino","185","2071.25"
"France",56,"Gnocchi di nonna Alice","74","2071.00"
"Switzerland",53,"Perth Pasties","70","2066.40"
"Canada",59,"Raclette Courdavault","45","2065.80"
"Canada",6,"Grandma's Boysenberry Spread","82","2050.00"
"Germany",11,"Queso Cabrales","104","2042.25"
"Germany",44,"Gula Malacca","111","2027.38"
"Brazil",49,"Maxilaku","121","2020.00"
"USA",41,"Jack's New England Clam Chowder","211","2016.65"
"Venezuela",69,"Gudbrandsdalsost","65","2001.60"
"Venezuela",26,"Gumbär Gummibärchen","87","1981.31"
"Portugal",56,"Gnocchi di nonna Alice","70","1968.40"
"Finland",53,"Perth Pasties","75","1965.00"
"France",69,"Gudbrandsdalsost","70","1962.36"
"UK",71,"Flotemysost","94","1947.90"
"Germany",19,"Teatime Chocolate Biscuits","246","1941.84"
"Spain",17,"Alice Mutton","60","1918.80"
"Mexico",11,"Queso Cabrales","101","1915.20"
"Austria",34,"Sasquatch Ale","150","1911.00"
"Brazil",6,"Grandma's Boysenberry Spread","76","1900.00"
"Brazil",20,"Sir Rodney's Marmalade","32","1879.20"
"USA",40,"Boston Crab Meat","104","1876.60"
"Switzerland",60,"Camembert Pierrot","70","1873.40"
"Ireland",18,"Carnarvon Tigers","33","1856.25"
"Germany",14,"Tofu","84","1851.86"
"Switzerland",63,"Vegie-spread","42","1843.80"
"Austria",31,"Gorgonzola Telino","178","1830.00"
"Switzerland",51,"Manjimup Dried Apples","36","1828.50"
"Austria",22,"Gustaf's Knäckebröd","87","1827.00"
"Canada",10,"Ikura","62","1822.80"
"Venezuela",60,"Camembert Pierrot","67","1819.68"
"Sweden",20,"Sir Rodney's Marmalade","28","1814.40"
"Sweden",7,"Uncle Bob's Organic Dried Pears","60","1800.00"
"Ireland",51,"Manjimup Dried Apples","51","1787.16"
"UK",56,"Gnocchi di nonna Alice","55","1786.00"
"Germany",23,"Tunnbröd","227","1782.00"
"Denmark",63,"Vegie-spread","40","1756.00"
"USA",8,"Northwoods Cranberry Sauce","72","1752.00"
"USA",5,"Chef Anton's Gumbo Mix","86","1743.10"
"Germany",32,"Mascarpone Fabioli","65","1736.00"
"Venezuela",32,"Mascarpone Fabioli","54","1728.00"
"Finland",59,"Raclette Courdavault","35","1718.75"
"UK",28,"Rössle Sauerkraut","44","1713.20"
"UK",53,"Perth Pasties","60","1704.00"
"Venezuela",49,"Maxilaku","85","1700.00"
"Brazil",77,"Original Frankfurter grüne Soße","150","1699.10"
"France",64,"Wimmers gute Semmelknödel","61","1695.75"
"Brazil",28,"Rössle Sauerkraut","50","1686.00"
"France",76,"Lakkalikööri","104","1677.60"
"Austria",40,"Boston Crab Meat","91","1674.40"
"UK",43,"Ipoh Coffee","36","1656.00"
"USA",43,"Ipoh Coffee","39","1656.00"
"Venezuela",70,"Outback Lager","137","1654.50"
"Finland",71,"Flotemysost","100","1651.20"
"Venezuela",53,"Perth Pasties","70","1650.60"
"Ireland",14,"Tofu","70","1627.50"
"USA",45,"Rogede sild","186","1622.60"
"Argentina",20,"Sir Rodney's Marmalade","20","1620.00"
"Germany",58,"Escargots de Bourgogne","130","1616.50"
"Sweden",30,"Nord-Ost Matjeshering","85","1615.20"
"Germany",28,"Rössle Sauerkraut","44","1614.60"
"Denmark",29,"Thüringer Rostbratwurst","18","1603.80"
"Canada",18,"Carnarvon Tigers","40","1600.00"
"Ireland",71,"Flotemysost","103","1588.85"
"Finland",56,"Gnocchi di nonna Alice","50","1577.00"
"Brazil",35,"Steeleye Stout","91","1566.00"
"France",6,"Grandma's Boysenberry Spread","70","1562.50"
"USA",34,"Sasquatch Ale","122","1556.80"
"Germany",70,"Outback Lager","120","1536.75"
"UK",70,"Outback Lager","119","1527.00"
"USA",14,"Tofu","91","1508.23"
"Brazil",53,"Perth Pasties","55","1506.05"
"Belgium",71,"Flotemysost","80","1505.00"
"USA",28,"Rössle Sauerkraut","37","1503.60"
"USA",54,"Tourtière","240","1495.99"
"USA",13,"Konbu","262","1476.00"
"UK",36,"Inlagd Sill","76","1444.00"
"Brazil",76,"Lakkalikööri","80","1440.00"
"France",28,"Rössle Sauerkraut","38","1438.56"
"Austria",5,"Chef Anton's Gumbo Mix","97","1428.00"
"Venezuela",55,"Pâté chinois","92","1418.88"
"Austria",26,"Gumbär Gummibärchen","50","1397.54"
"Brazil",9,"Mishi Kobe Niku","20","1396.80"
"Brazil",19,"Teatime Chocolate Biscuits","171","1395.41"
"Sweden",40,"Boston Crab Meat","75","1380.00"
"France",16,"Pavlova","90","1367.99"
"USA",46,"Spegesild","120","1367.28"
"UK",72,"Mozzarella di Giovanni","41","1356.80"
"Brazil",72,"Mozzarella di Giovanni","57","1345.50"
"France",36,"Inlagd Sill","83","1345.01"
"UK",55,"Pâté chinois","56","1344.00"
"USA",21,"Sir Rodney's Scones","139","1343.00"
"Mexico",17,"Alice Mutton","36","1341.60"
"Brazil",31,"Gorgonzola Telino","119","1330.00"
"Austria",55,"Pâté chinois","65","1326.00"
"Switzerland",59,"Raclette Courdavault","30","1320.00"
"Germany",9,"Mishi Kobe Niku","16","1319.20"
"France",63,"Vegie-spread","30","1317.00"
"Austria",27,"Schoggi Schokolade","30","1317.00"
"Sweden",76,"Lakkalikööri","89","1313.82"
"Venezuela",30,"Nord-Ost Matjeshering","62","1289.07"
"UK",57,"Ravioli Angelo","71","1287.00"
"Sweden",4,"Chef Anton's Cajun Seasoning","62","1282.60"
"Denmark",10,"Ikura","43","1277.20"
"Denmark",59,"Raclette Courdavault","27","1277.10"
"Venezuela",35,"Steeleye Stout","73","1273.50"
"Canada",51,"Manjimup Dried Apples","24","1272.00"
"Ireland",30,"Nord-Ost Matjeshering","54","1267.38"
"Ireland",65,"Louisiana Fiery Hot Pepper Sauce","60","1263.00"
"Venezuela",1,"Chai","74","1260.00"
"UK",11,"Queso Cabrales","65","1260.00"
"Venezuela",16,"Pavlova","82","1251.11"
"Belgium",17,"Alice Mutton","40","1248.00"
"Austria",57,"Ravioli Angelo","69","1248.00"
"USA",37,"Gravad lax","60","1248.00"
"France",39,"Chartreuse verte","81","1242.00"
"Sweden",39,"Chartreuse verte","72","1238.40"
"Portugal",29,"Thüringer Rostbratwurst","10","1237.90"
"Finland",29,"Thüringer Rostbratwurst","10","1237.90"
"Brazil",36,"Inlagd Sill","70","1232.15"
"Sweden",2,"Chang","86","1230.25"
"Venezuela",57,"Ravioli Angelo","63","1228.50"
"Venezuela",2,"Chang","70","1223.60"
"Canada",72,"Mozzarella di Giovanni","35","1218.00"
"Austria",24,"Guaraná Fantástica","283","1216.80"
"UK",1,"Chai","73","1201.50"
"Portugal",8,"Northwoods Cranberry Sauce","30","1200.00"
"Germany",10,"Ikura","48","1197.84"
"Ireland",58,"Escargots de Bourgogne","129","1197.80"
"Venezuela",64,"Wimmers gute Semmelknödel","43","1197.00"
"Finland",43,"Ipoh Coffee","31","1196.00"
"Sweden",26,"Gumbär Gummibärchen","50","1193.29"
"Denmark",51,"Manjimup Dried Apples","30","1192.50"
"France",59,"Raclette Courdavault","24","1188.00"
"Mexico",59,"Raclette Courdavault","25","1182.50"
"USA",49,"Maxilaku","63","1175.00"
"Venezuela",18,"Carnarvon Tigers","25","1171.88"
"Italy",7,"Uncle Bob's Organic Dried Pears","40","1170.00"
"Canada",1,"Chai","80","1170.00"
"Austria",11,"Queso Cabrales","72","1169.28"
"Sweden",73,"Röd Kaviar","84","1167.00"
"Mexico",28,"Rössle Sauerkraut","32","1164.80"
"USA",19,"Teatime Chocolate Biscuits","141","1160.47"
"Germany",75,"Rhönbräu Klosterbier","156","1159.40"
"Sweden",63,"Vegie-spread","28","1158.80"
"Denmark",77,"Original Frankfurter grüne Soße","101","1151.15"
"Austria",43,"Ipoh Coffee","25","1150.00"
"Germany",3,"Aniseed Syrup","115","1150.00"
"Germany",63,"Vegie-spread","26","1141.40"
"Sweden",55,"Pâté chinois","56","1140.00"
"Ireland",56,"Gnocchi di nonna Alice","30","1140.00"
"Austria",44,"Gula Malacca","77","1133.82"
"Ireland",32,"Mascarpone Fabioli","41","1130.88"
"UK",5,"Chef Anton's Gumbo Mix","60","1120.88"
"USA",73,"Röd Kaviar","82","1117.20"
"UK",10,"Ikura","36","1116.00"
"USA",11,"Queso Cabrales","53","1113.00"
"Belgium",60,"Camembert Pierrot","40","1088.00"
"Sweden",60,"Camembert Pierrot","35","1088.00"
"Austria",21,"Sir Rodney's Scones","120","1086.00"
"Germany",49,"Maxilaku","61","1085.60"
"Denmark",55,"Pâté chinois","60","1080.00"
"Brazil",69,"Gudbrandsdalsost","30","1080.00"
"Belgium",35,"Steeleye Stout","60","1080.00"
"UK",35,"Steeleye Stout","69","1080.00"
"France",31,"Gorgonzola Telino","88","1066.87"
"Mexico",51,"Manjimup Dried Apples","20","1060.00"
"France",65,"Louisiana Fiery Hot Pepper Sauce","59","1057.47"
"USA",42,"Singaporean Hokkien Fried Mee","89","1055.60"
"Brazil",17,"Alice Mutton","27","1053.00"
"USA",4,"Chef Anton's Cajun Seasoning","61","1050.50"
"Germany",57,"Ravioli Angelo","69","1045.20"
"Germany",47,"Zaanse koeken","121","1045.00"
"Austria",71,"Flotemysost","51","1036.30"
"Sweden",47,"Zaanse koeken","121","1034.55"
"Austria",35,"Steeleye Stout","76","1031.40"
"Denmark",40,"Boston Crab Meat","70","1030.00"
"Denmark",61,"Sirop d'érable","40","1026.00"
"Germany",13,"Konbu","184","1020.00"
"Brazil",46,"Spegesild","94","1017.00"
"Mexico",53,"Perth Pasties","31","1016.80"
"Italy",49,"Maxilaku","58","1016.00"
"USA",22,"Gustaf's Knäckebröd","48","1008.00"
"Belgium",42,"Singaporean Hokkien Fried Mee","82","1008.00"
"France",11,"Queso Cabrales","57","1002.75"
"USA",58,"Escargots de Bourgogne","87","1001.70"
"Germany",6,"Grandma's Boysenberry Spread","42","1000.00"
"Mexico",44,"Gula Malacca","51","991.95"
"Venezuela",29,"Thüringer Rostbratwurst","10","990.00"
"Germany",4,"Chef Anton's Cajun Seasoning","50","990.00"
"France",71,"Flotemysost","50","989.00"
"Brazil",4,"Chef Anton's Cajun Seasoning","56","979.00"
"Portugal",44,"Gula Malacca","55","975.63"
"Germany",68,"Scottish Longbreads","79","975.50"
"UK",69,"Gudbrandsdalsost","33","972.00"
"USA",77,"Original Frankfurter grüne Soße","82","969.80"
"Venezuela",12,"Queso Manchego La Pastora","30","969.00"
"Switzerland",26,"Gumbär Gummibärchen","32","961.88"
"Spain",64,"Wimmers gute Semmelknödel","31","959.26"
"Spain",65,"Louisiana Fiery Hot Pepper Sauce","56","957.55"
"Ireland",41,"Jack's New England Clam Chowder","110","955.35"
"USA",32,"Mascarpone Fabioli","41","953.60"
"Canada",68,"Scottish Longbreads","87","952.50"
"Switzerland",62,"Tarte au sucre","21","946.56"
"Germany",73,"Röd Kaviar","70","942.00"
"Portugal",65,"Louisiana Fiery Hot Pepper Sauce","55","940.39"
"Spain",62,"Tarte au sucre","20","936.70"
"France",4,"Chef Anton's Cajun Seasoning","50","935.00"
"Belgium",26,"Gumbär Gummibärchen","36","934.38"
"Austria",30,"Nord-Ost Matjeshering","60","931.50"
"Brazil",70,"Outback Lager","71","930.15"
"USA",15,"Genen Shouyu","60","930.00"
"Brazil",11,"Queso Cabrales","50","929.25"
"Denmark",62,"Tarte au sucre","20","924.37"
"Switzerland",2,"Chang","60","921.50"
"Ireland",63,"Vegie-spread","35","921.37"
"Brazil",71,"Flotemysost","44","918.05"
"France",25,"NuNuCa Nuß-Nougat-Creme","80","910.00"
"Venezuela",10,"Ikura","40","905.20"
"Belgium",70,"Outback Lager","60","900.00"
"Austria",76,"Lakkalikööri","50","900.00"
"USA",30,"Nord-Ost Matjeshering","44","898.67"
"UK",17,"Alice Mutton","25","877.50"
"Venezuela",27,"Schoggi Schokolade","25","877.50"
"Denmark",68,"Scottish Longbreads","96","870.00"
"Austria",14,"Tofu","46","868.39"
"Brazil",16,"Pavlova","70","865.23"
"Brazil",1,"Chai","51","864.00"
"Sweden",41,"Jack's New England Clam Chowder","112","860.24"
"UK",61,"Sirop d'érable","30","855.00"
"Sweden",66,"Louisiana Hot Spiced Okra","50","850.00"
"France",1,"Chai","52","849.60"
"USA",65,"Louisiana Fiery Hot Pepper Sauce","47","844.36"
"Venezuela",75,"Rhönbräu Klosterbier","116","843.20"
"Italy",22,"Gustaf's Knäckebröd","40","840.00"
"Canada",22,"Gustaf's Knäckebröd","40","840.00"
"Sweden",72,"Mozzarella di Giovanni","24","835.20"
"Denmark",72,"Mozzarella di Giovanni","24","835.20"
"Austria",41,"Jack's New England Clam Chowder","88","823.85"
"Germany",61,"Sirop d'érable","35","820.80"
"Mexico",43,"Ipoh Coffee","20","816.50"
"Belgium",55,"Pâté chinois","39","816.00"
"Brazil",55,"Pâté chinois","38","816.00"
"Austria",66,"Louisiana Hot Spiced Okra","60","816.00"
"France",35,"Steeleye Stout","45","810.00"
"Germany",45,"Rogede sild","100","807.50"
"Brazil",2,"Chang","47","804.65"
"UK",8,"Northwoods Cranberry Sauce","20","800.00"
"Ireland",31,"Gorgonzola Telino","85","800.00"
"Switzerland",64,"Wimmers gute Semmelknödel","30","798.00"
"Mexico",26,"Gumbär Gummibärchen","30","796.36"
"Canada",77,"Original Frankfurter grüne Soße","65","793.00"
"Sweden",71,"Flotemysost","38","791.20"
"Switzerland",30,"Nord-Ost Matjeshering","30","776.70"
"Italy",59,"Raclette Courdavault","16","773.30"
"Sweden",11,"Queso Cabrales","56","772.80"
"France",40,"Boston Crab Meat","45","772.80"
"UK",59,"Raclette Courdavault","14","770.00"
"Brazil",52,"Filo Mix","112","769.30"
"Venezuela",41,"Jack's New England Clam Chowder","82","764.28"
"Germany",41,"Jack's New England Clam Chowder","88","763.56"
"Austria",32,"Mascarpone Fabioli","26","762.88"
"Austria",2,"Chang","58","760.00"
"Italy",26,"Gumbär Gummibärchen","32","759.45"
"Canada",44,"Gula Malacca","58","758.58"
"Italy",17,"Alice Mutton","20","741.00"
"UK",16,"Pavlova","56","739.48"
"Germany",46,"Spegesild","62","738.00"
"UK",23,"Tunnbröd","86","736.20"
"Ireland",43,"Ipoh Coffee","20","736.00"
"Sweden",70,"Outback Lager","59","735.00"
"Brazil",75,"Rhönbräu Klosterbier","118","733.77"
"Switzerland",72,"Mozzarella di Giovanni","21","730.80"
"Brazil",68,"Scottish Longbreads","62","730.00"
"France",61,"Sirop d'érable","30","726.75"
"UK",22,"Gustaf's Knäckebröd","37","726.60"
"Canada",16,"Pavlova","46","719.73"
"France",57,"Ravioli Angelo","44","719.55"
"Finland",61,"Sirop d'érable","30","712.50"
"Venezuela",36,"Inlagd Sill","50","712.50"
"Canada",25,"NuNuCa Nuß-Nougat-Creme","65","708.40"
"Belgium",21,"Sir Rodney's Scones","76","700.00"
"France",41,"Jack's New England Clam Chowder","76","699.59"
"Canada",64,"Wimmers gute Semmelknödel","24","698.25"
"Venezuela",23,"Tunnbröd","88","697.50"
"Finland",60,"Camembert Pierrot","24","693.60"
"Belgium",66,"Louisiana Hot Spiced Okra","60","693.60"
"Ireland",2,"Chang","47","693.12"
"Canada",35,"Steeleye Stout","60","691.20"
"Germany",54,"Tourtière","104","685.77"
"Sweden",61,"Sirop d'érable","30","684.00"
"France",70,"Outback Lager","54","682.50"
"Belgium",8,"Northwoods Cranberry Sauce","20","680.00"
"Sweden",75,"Rhönbräu Klosterbier","107","678.12"
"France",42,"Singaporean Hokkien Fried Mee","56","676.20"
"UK",49,"Maxilaku","40","668.00"
"Venezuela",11,"Queso Cabrales","37","663.60"
"Ireland",40,"Boston Crab Meat","40","662.40"
"UK",32,"Mascarpone Fabioli","24","652.80"
"Venezuela",50,"Valkoinen suklaa","40","650.00"
"Portugal",51,"Manjimup Dried Apples","18","648.72"
"Spain",60,"Camembert Pierrot","19","646.00"
"Venezuela",71,"Flotemysost","30","645.00"
"Canada",8,"Northwoods Cranberry Sauce","16","640.00"
"Italy",32,"Mascarpone Fabioli","20","640.00"
"Portugal",10,"Ikura","24","632.40"
"Ireland",11,"Queso Cabrales","40","630.00"
"Argentina",11,"Queso Cabrales","30","630.00"
"Poland",61,"Sirop d'érable","22","627.00"
"Brazil",44,"Gula Malacca","39","626.55"
"Belgium",76,"Lakkalikööri","48","622.08"
"Sweden",10,"Ikura","22","620.00"
"Finland",14,"Tofu","35","619.61"
"Austria",74,"Longlife Tofu","86","616.00"
"Brazil",40,"Boston Crab Meat","36","615.18"
"Venezuela",25,"NuNuCa Nuß-Nougat-Creme","45","613.20"
"Austria",48,"Chocolade","70","606.90"
"Brazil",24,"Guaraná Fantástica","145","606.37"
"USA",39,"Chartreuse verte","42","603.00"
"Portugal",60,"Camembert Pierrot","22","601.80"
"Austria",72,"Mozzarella di Giovanni","24","600.48"
"Switzerland",70,"Outback Lager","40","600.00"
"Mexico",18,"Carnarvon Tigers","12","600.00"
"Canada",7,"Uncle Bob's Organic Dried Pears","20","600.00"
"Ireland",6,"Grandma's Boysenberry Spread","30","600.00"
"Denmark",34,"Sasquatch Ale","50","599.20"
"Portugal",16,"Pavlova","40","593.30"
"Poland",62,"Tarte au sucre","12","591.60"
"UK",62,"Tarte au sucre","12","591.60"
"Ireland",62,"Tarte au sucre","15","591.00"
"Switzerland",57,"Ravioli Angelo","30","585.00"
"UK",50,"Valkoinen suklaa","39","585.00"
"Germany",37,"Gravad lax","28","582.40"
"USA",9,"Mishi Kobe Niku","6","582.00"
"Denmark",36,"Inlagd Sill","30","570.00"
"UK",2,"Chang","35","570.00"
"Italy",36,"Inlagd Sill","30","570.00"
"Ireland",16,"Pavlova","36","565.38"
"Ireland",53,"Perth Pasties","23","565.08"
"Austria",70,"Outback Lager","38","564.00"
"France",49,"Maxilaku","35","560.00"
"Mexico",34,"Sasquatch Ale","40","560.00"
"France",46,"Spegesild","56","559.20"
"Brazil",58,"Escargots de Bourgogne","45","556.50"
"France",2,"Chang","35","555.75"
"France",55,"Pâté chinois","28","554.40"
"Canada",40,"Boston Crab Meat","50","551.25"
"Finland",4,"Chef Anton's Cajun Seasoning","25","550.00"
"UK",4,"Chef Anton's Cajun Seasoning","25","550.00"
"Venezuela",3,"Aniseed Syrup","70","544.00"
"Ireland",36,"Inlagd Sill","46","541.50"
"Venezuela",21,"Sir Rodney's Scones","70","540.00"
"Austria",7,"Uncle Bob's Organic Dried Pears","18","540.00"
"Ireland",76,"Lakkalikööri","35","535.50"
"France",75,"Rhönbräu Klosterbier","78","530.72"
"Italy",51,"Manjimup Dried Apples","10","530.00"
"Spain",40,"Boston Crab Meat","40","529.20"
"Norway",59,"Raclette Courdavault","12","528.00"
"Argentina",38,"Côte de Blaye","2","527.00"
"Venezuela",77,"Original Frankfurter grüne Soße","45","526.50"
"Sweden",22,"Gustaf's Knäckebröd","25","525.00"
"Belgium",72,"Mozzarella di Giovanni","15","522.00"
"Belgium",77,"Original Frankfurter grüne Soße","40","520.00"
"Ireland",50,"Valkoinen suklaa","40","520.00"
"Denmark",71,"Flotemysost","30","516.00"
"Venezuela",31,"Gorgonzola Telino","45","515.62"
"Brazil",13,"Konbu","92","515.04"
"Portugal",4,"Chef Anton's Cajun Seasoning","34","510.40"
"Poland",60,"Camembert Pierrot","15","510.00"
"Brazil",63,"Vegie-spread","16","505.44"
"Finland",22,"Gustaf's Knäckebröd","24","504.00"
"Brazil",42,"Singaporean Hokkien Fried Mee","40","504.00"
"Denmark",76,"Lakkalikööri","35","504.00"
"USA",47,"Zaanse koeken","66","502.55"
"Italy",18,"Carnarvon Tigers","8","500.00"
"Norway",18,"Carnarvon Tigers","8","500.00"
"UK",46,"Spegesild","43","499.20"
"Finland",12,"Queso Manchego La Pastora","16","498.56"
"Belgium",10,"Ikura","16","496.00"
"Austria",42,"Singaporean Hokkien Fried Mee","40","492.80"
"USA",33,"Geitost","221","490.50"
"Switzerland",16,"Pavlova","35","486.50"
"Denmark",30,"Nord-Ost Matjeshering","25","485.44"
"Mexico",49,"Maxilaku","30","480.00"
"Denmark",54,"Tourtière","68","478.70"
"Italy",67,"Laughing Lumberjack Lager","40","476.00"
"Mexico",60,"Camembert Pierrot","14","476.00"
"Venezuela",45,"Rogede sild","50","475.00"
"Mexico",40,"Boston Crab Meat","31","474.30"
"Sweden",1,"Chai","35","472.50"
"Austria",54,"Tourtière","80","472.00"
"Switzerland",10,"Ikura","16","471.20"
"Spain",10,"Ikura","15","465.00"
"Belgium",4,"Chef Anton's Cajun Seasoning","21","462.00"
"Venezuela",13,"Konbu","78","460.20"
"France",21,"Sir Rodney's Scones","46","460.00"
"France",54,"Tourtière","79","459.02"
"Finland",36,"Inlagd Sill","30","456.00"
"Canada",12,"Queso Manchego La Pastora","15","456.00"
"Brazil",25,"NuNuCa Nuß-Nougat-Creme","35","444.50"
"Italy",62,"Tarte au sucre","10","443.70"
"Sweden",44,"Gula Malacca","26","442.50"
"Venezuela",65,"Louisiana Fiery Hot Pepper Sauce","21","442.05"
"UK",65,"Louisiana Fiery Hot Pepper Sauce","21","442.05"
"France",47,"Zaanse koeken","60","441.75"
"France",27,"Schoggi Schokolade","10","439.00"
"Italy",28,"Rössle Sauerkraut","12","436.80"
"Canada",70,"Outback Lager","35","435.00"
"Mexico",10,"Ikura","17","434.00"
"Venezuela",58,"Escargots de Bourgogne","42","433.27"
"Austria",46,"Spegesild","45","432.00"
"Mexico",76,"Lakkalikööri","30","432.00"
"Austria",23,"Tunnbröd","60","432.00"
"Austria",75,"Rhönbräu Klosterbier","57","430.90"
"Germany",15,"Genen Shouyu","30","430.12"
"Austria",3,"Aniseed Syrup","45","430.00"
"Venezuela",7,"Uncle Bob's Organic Dried Pears","15","427.50"
"Argentina",5,"Chef Anton's Gumbo Mix","20","427.00"
"USA",25,"NuNuCa Nuß-Nougat-Creme","42","426.30"
"Italy",42,"Singaporean Hokkien Fried Mee","40","425.60"
"Spain",4,"Chef Anton's Cajun Seasoning","24","422.40"
"Venezuela",46,"Spegesild","48","421.92"
"UK",37,"Gravad lax","18","421.20"
"Canada",21,"Sir Rodney's Scones","42","420.00"
"Ireland",34,"Sasquatch Ale","30","420.00"
"Switzerland",52,"Filo Mix","60","420.00"
"Mexico",67,"Laughing Lumberjack Lager","30","420.00"
"Venezuela",42,"Singaporean Hokkien Fried Mee","30","420.00"
"Ireland",10,"Ikura","18","418.50"
"Norway",43,"Ipoh Coffee","9","414.00"
"Canada",43,"Ipoh Coffee","9","414.00"
"USA",23,"Tunnbröd","46","414.00"
"UK",66,"Louisiana Hot Spiced Okra","24","408.00"
"Italy",66,"Louisiana Hot Spiced Okra","30","408.00"
"France",20,"Sir Rodney's Marmalade","5","405.00"
"Finland",8,"Northwoods Cranberry Sauce","10","400.00"
"Canada",31,"Gorgonzola Telino","42","399.00"
"Austria",13,"Konbu","78","397.80"
"UK",52,"Filo Mix","64","397.60"
"Portugal",59,"Raclette Courdavault","9","396.00"
"Mexico",29,"Thüringer Rostbratwurst","4","396.00"
"Brazil",62,"Tarte au sucre","10","394.40"
"Sweden",53,"Perth Pasties","12","393.60"
"Germany",67,"Laughing Lumberjack Lager","30","392.00"
"Switzerland",42,"Singaporean Hokkien Fried Mee","28","392.00"
"Argentina",57,"Ravioli Angelo","20","390.00"
"Italy",77,"Original Frankfurter grüne Soße","30","390.00"
"Norway",30,"Nord-Ost Matjeshering","15","388.35"
"UK",30,"Nord-Ost Matjeshering","15","388.35"
"USA",24,"Guaraná Fantástica","97","386.55"
"Brazil",50,"Valkoinen suklaa","25","385.94"
"Spain",68,"Scottish Longbreads","35","385.00"
"France",52,"Filo Mix","60","380.80"
"Spain",2,"Chang","20","380.00"
"Belgium",2,"Chang","20","380.00"
"Switzerland",21,"Sir Rodney's Scones","40","380.00"
"Mexico",2,"Chang","20","380.00"
"Poland",2,"Chang","20","380.00"
"Switzerland",36,"Inlagd Sill","25","380.00"
"Canada",11,"Queso Cabrales","20","378.00"
"Brazil",21,"Sir Rodney's Scones","50","376.00"
"Finland",31,"Gorgonzola Telino","30","375.00"
"Switzerland",31,"Gorgonzola Telino","30","375.00"
"UK",26,"Gumbär Gummibärchen","12","374.76"
"Sweden",14,"Tofu","16","372.00"
"Argentina",51,"Manjimup Dried Apples","7","371.00"
"Switzerland",75,"Rhönbräu Klosterbier","50","368.12"
"Brazil",54,"Tourtière","60","365.46"
"Argentina",28,"Rössle Sauerkraut","8","364.80"
"UK",24,"Guaraná Fantástica","105","363.60"
"Italy",56,"Gnocchi di nonna Alice","10","361.00"
"Ireland",70,"Outback Lager","30","360.00"
"Belgium",69,"Gudbrandsdalsost","10","360.00"
"Switzerland",73,"Röd Kaviar","24","360.00"
"Norway",7,"Uncle Bob's Organic Dried Pears","12","360.00"
"Mexico",39,"Chartreuse verte","20","360.00"
"Austria",50,"Valkoinen suklaa","22","357.50"
"Spain",30,"Nord-Ost Matjeshering","17","357.09"
"Venezuela",39,"Chartreuse verte","24","352.80"
"Mexico",1,"Chai","22","352.80"
"Ireland",4,"Chef Anton's Cajun Seasoning","20","352.00"
"Germany",17,"Alice Mutton","15","351.00"
"Finland",74,"Longlife Tofu","35","350.00"
"Mexico",42,"Singaporean Hokkien Fried Mee","25","350.00"
"France",14,"Tofu","20","348.75"
"Mexico",72,"Mozzarella di Giovanni","10","348.00"
"Italy",41,"Jack's New England Clam Chowder","40","347.40"
"Switzerland",55,"Pâté chinois","21","342.72"
"Brazil",61,"Sirop d'érable","14","342.00"
"Ireland",77,"Original Frankfurter grüne Soße","35","341.25"
"UK",41,"Jack's New England Clam Chowder","40","341.21"
"Brazil",5,"Chef Anton's Gumbo Mix","20","340.00"
"France",8,"Northwoods Cranberry Sauce","10","340.00"
"Brazil",34,"Sasquatch Ale","30","336.00"
"Germany",24,"Guaraná Fantástica","93","334.80"
"Brazil",47,"Zaanse koeken","36","333.45"
"Mexico",75,"Rhönbräu Klosterbier","46","331.70"
"Brazil",41,"Jack's New England Clam Chowder","38","325.44"
"Denmark",50,"Valkoinen suklaa","25","325.00"
"France",68,"Scottish Longbreads","28","325.00"
"Spain",55,"Pâté chinois","14","324.00"
"Finland",45,"Rogede sild","40","323.00"
"Argentina",43,"Ipoh Coffee","7","322.00"
"Finland",1,"Chai","20","320.40"
"Mexico",32,"Mascarpone Fabioli","10","320.00"
"Belgium",58,"Escargots de Bourgogne","30","318.00"
"Venezuela",19,"Teatime Chocolate Biscuits","40","317.70"
"Germany",22,"Gustaf's Knäckebröd","20","315.00"
"Brazil",22,"Gustaf's Knäckebröd","15","315.00"
"Finland",11,"Queso Cabrales","15","315.00"
"Finland",57,"Ravioli Angelo","20","312.00"
"Sweden",17,"Alice Mutton","10","312.00"
"Spain",75,"Rhönbräu Klosterbier","50","310.00"
"Canada",41,"Jack's New England Clam Chowder","45","308.00"
"Italy",4,"Chef Anton's Cajun Seasoning","15","308.00"
"Canada",71,"Flotemysost","15","306.37"
"Finland",69,"Gudbrandsdalsost","10","306.00"
"Switzerland",46,"Spegesild","30","306.00"
"Brazil",48,"Chocolade","24","306.00"
"Portugal",35,"Steeleye Stout","20","306.00"
"Switzerland",74,"Longlife Tofu","41","304.00"
"USA",70,"Outback Lager","21","303.75"
"Ireland",42,"Singaporean Hokkien Fried Mee","22","302.40"
"Canada",42,"Singaporean Hokkien Fried Mee","30","302.40"
"Denmark",7,"Uncle Bob's Organic Dried Pears","10","300.00"
"Sweden",46,"Spegesild","25","300.00"
"Sweden",49,"Maxilaku","15","300.00"
"Venezuela",68,"Scottish Longbreads","30","300.00"
"Poland",31,"Gorgonzola Telino","30","300.00"
"Sweden",3,"Aniseed Syrup","30","300.00"
"UK",13,"Konbu","54","298.80"
"Belgium",31,"Gorgonzola Telino","35","297.50"
"Finland",16,"Pavlova","17","296.65"
"Argentina",40,"Boston Crab Meat","20","294.00"
"Mexico",14,"Tofu","15","292.95"
"USA",57,"Ravioli Angelo","15","292.50"
"Switzerland",50,"Valkoinen suklaa","20","292.50"
"UK",9,"Mishi Kobe Niku","3","291.00"
"Italy",5,"Chef Anton's Gumbo Mix","15","288.23"
"Finland",39,"Chartreuse verte","20","288.00"
"Canada",55,"Pâté chinois","15","288.00"
"Sweden",32,"Mascarpone Fabioli","10","288.00"
"Argentina",61,"Sirop d'érable","10","285.00"
"Germany",34,"Sasquatch Ale","30","284.20"
"Spain",57,"Ravioli Angelo","18","280.80"
"Argentina",34,"Sasquatch Ale","20","280.00"
"Argentina",67,"Laughing Lumberjack Lager","20","280.00"
"Brazil",14,"Tofu","15","279.00"
"Denmark",41,"Jack's New England Clam Chowder","30","275.02"
"Finland",21,"Sir Rodney's Scones","30","272.00"
"Germany",25,"NuNuCa Nuß-Nougat-Creme","22","271.60"
"France",67,"Laughing Lumberjack Lager","24","268.80"
"Canada",47,"Zaanse koeken","46","268.28"
"UK",76,"Lakkalikööri","16","266.40"
"Switzerland",58,"Escargots de Bourgogne","20","265.00"
"Italy",53,"Perth Pasties","10","262.40"
"UK",21,"Sir Rodney's Scones","29","262.00"
"Spain",53,"Perth Pasties","10","262.00"
"Norway",16,"Pavlova","15","261.75"
"Norway",71,"Flotemysost","15","258.00"
"Belgium",40,"Boston Crab Meat","15","257.60"
"Spain",36,"Inlagd Sill","18","256.50"
"Spain",61,"Sirop d'érable","10","256.50"
"Finland",19,"Teatime Chocolate Biscuits","32","256.40"
"Sweden",58,"Escargots de Bourgogne","30","254.40"
"USA",52,"Filo Mix","36","252.00"
"Denmark",65,"Louisiana Fiery Hot Pepper Sauce","15","252.00"
"Sweden",62,"Tarte au sucre","6","251.43"
"Switzerland",13,"Konbu","48","250.20"
"UK",68,"Scottish Longbreads","20","250.00"
"Belgium",68,"Scottish Longbreads","20","250.00"
"Mexico",31,"Gorgonzola Telino","20","250.00"
"Mexico",68,"Scottish Longbreads","20","250.00"
"France",44,"Gula Malacca","16","248.96"
"Venezuela",15,"Genen Shouyu","20","248.00"
"France",34,"Sasquatch Ale","20","246.40"
"UK",39,"Chartreuse verte","20","244.80"
"Austria",45,"Rogede sild","27","243.67"
"Sweden",54,"Tourtière","36","240.48"
"Denmark",21,"Sir Rodney's Scones","30","240.00"
"Venezuela",74,"Longlife Tofu","30","240.00"
"Canada",74,"Longlife Tofu","30","240.00"
"Mexico",70,"Outback Lager","17","240.00"
"UK",3,"Aniseed Syrup","30","240.00"
"UK",64,"Wimmers gute Semmelknödel","9","239.40"
"UK",47,"Zaanse koeken","25","237.50"
"Norway",77,"Original Frankfurter grüne Soße","18","234.00"
"Poland",75,"Rhönbräu Klosterbier","30","232.50"
"Denmark",16,"Pavlova","14","232.09"
"Sweden",19,"Teatime Chocolate Biscuits","25","230.00"
"Italy",68,"Scottish Longbreads","23","227.00"
"Canada",24,"Guaraná Fantástica","60","225.00"
"Spain",52,"Filo Mix","40","224.00"
"Argentina",14,"Tofu","12","223.20"
"France",22,"Gustaf's Knäckebröd","12","221.76"
"Finland",40,"Boston Crab Meat","12","220.80"
"Norway",28,"Rössle Sauerkraut","6","218.40"
"Portugal",1,"Chai","15","216.00"
"Sweden",23,"Tunnbröd","30","216.00"
"Portugal",39,"Chartreuse verte","20","216.00"
"Brazil",73,"Röd Kaviar","20","216.00"
"Finland",65,"Louisiana Fiery Hot Pepper Sauce","10","210.50"
"Switzerland",65,"Louisiana Fiery Hot Pepper Sauce","10","210.50"
"UK",67,"Laughing Lumberjack Lager","15","210.00"
"Spain",67,"Laughing Lumberjack Lager","15","210.00"
"France",37,"Gravad lax","10","208.00"
"Switzerland",37,"Gravad lax","8","208.00"
"Denmark",45,"Rogede sild","30","205.20"
"Ireland",1,"Chai","15","202.50"
"Denmark",24,"Guaraná Fantástica","50","202.50"
"Canada",3,"Aniseed Syrup","20","200.00"
"Finland",49,"Maxilaku","10","200.00"
"Poland",74,"Longlife Tofu","20","200.00"
"Belgium",74,"Longlife Tofu","20","200.00"
"Mexico",45,"Rogede sild","21","199.50"
"Germany",33,"Geitost","86","196.50"
"Portugal",42,"Singaporean Hokkien Fried Mee","14","196.00"
"Argentina",77,"Original Frankfurter grüne Soße","15","195.00"
"Venezuela",44,"Gula Malacca","10","194.50"
"Portugal",21,"Sir Rodney's Scones","31","194.00"
"Argentina",32,"Mascarpone Fabioli","6","192.00"
"Italy",46,"Spegesild","20","192.00"
"Spain",45,"Rogede sild","20","190.00"
"Sweden",16,"Pavlova","12","188.46"
"Poland",68,"Scottish Longbreads","15","187.50"
"Italy",24,"Guaraná Fantástica","50","186.84"
"Brazil",57,"Ravioli Angelo","10","185.25"
"Switzerland",1,"Chai","15","183.60"
"Argentina",7,"Uncle Bob's Organic Dried Pears","6","180.00"
"Finland",76,"Lakkalikööri","10","180.00"
"Denmark",35,"Steeleye Stout","10","180.00"
"Italy",31,"Gorgonzola Telino","16","180.00"
"Argentina",76,"Lakkalikööri","10","180.00"
"Belgium",1,"Chai","10","180.00"
"Spain",1,"Chai","10","180.00"
"France",15,"Genen Shouyu","12","176.70"
"Canada",4,"Chef Anton's Cajun Seasoning","10","176.00"
"France",50,"Valkoinen suklaa","15","175.50"
"Mexico",63,"Vegie-spread","5","175.50"
"Sweden",52,"Filo Mix","25","175.00"
"Brazil",33,"Geitost","90","175.00"
"Argentina",72,"Mozzarella di Giovanni","5","174.00"
"Finland",13,"Konbu","30","168.00"
"Mexico",33,"Geitost","68","167.00"
"Venezuela",24,"Guaraná Fantástica","39","164.25"
"Norway",53,"Perth Pasties","5","164.00"
"Mexico",48,"Chocolade","15","162.56"
"Portugal",76,"Lakkalikööri","10","162.00"
"Italy",2,"Chang","10","161.50"
"France",24,"Guaraná Fantástica","40","160.20"
"Poland",58,"Escargots de Bourgogne","15","159.00"
"France",13,"Konbu","27","158.40"
"Sweden",68,"Scottish Longbreads","21","157.50"
"UK",34,"Sasquatch Ale","14","156.80"
"France",26,"Gumbär Gummibärchen","5","156.15"
"Ireland",75,"Rhönbräu Klosterbier","20","155.00"
"Argentina",75,"Rhönbräu Klosterbier","20","155.00"
"Belgium",19,"Teatime Chocolate Biscuits","21","153.30"
"Spain",56,"Gnocchi di nonna Alice","5","152.00"
"Argentina",73,"Röd Kaviar","10","150.00"
"Argentina",26,"Gumbär Gummibärchen","6","149.40"
"Mexico",24,"Guaraná Fantástica","35","148.50"
"UK",40,"Boston Crab Meat","10","147.00"
"Ireland",60,"Camembert Pierrot","6","146.88"
"Spain",50,"Valkoinen suklaa","9","146.25"
"Argentina",21,"Sir Rodney's Scones","17","146.00"
"Norway",35,"Steeleye Stout","8","144.00"
"Italy",70,"Outback Lager","12","144.00"
"Belgium",45,"Rogede sild","15","142.50"
"Canada",61,"Sirop d'érable","5","142.50"
"Denmark",3,"Aniseed Syrup","14","140.00"
"USA",67,"Laughing Lumberjack Lager","10","140.00"
"UK",48,"Chocolade","15","137.70"
"Finland",28,"Rössle Sauerkraut","3","136.80"
"UK",33,"Geitost","57","136.50"
"Italy",60,"Camembert Pierrot","4","136.00"
"Canada",33,"Geitost","64","135.50"
"Italy",25,"NuNuCa Nuß-Nougat-Creme","12","134.40"
"Germany",52,"Filo Mix","23","131.60"
"Mexico",19,"Teatime Chocolate Biscuits","14","128.80"
"Belgium",25,"NuNuCa Nuß-Nougat-Creme","12","126.00"
"France",66,"Louisiana Hot Spiced Okra","10","122.40"
"Brazil",12,"Queso Manchego La Pastora","4","121.60"
"Finland",55,"Pâté chinois","5","120.00"
"Austria",33,"Geitost","60","120.00"
"Germany",74,"Longlife Tofu","15","120.00"
"Italy",52,"Filo Mix","18","116.90"
"Sweden",35,"Steeleye Stout","8","115.20"
"France",74,"Longlife Tofu","15","112.50"
"Mexico",52,"Filo Mix","20","112.00"
"Venezuela",54,"Tourtière","20","111.75"
"Portugal",43,"Ipoh Coffee","3","110.40"
"Argentina",59,"Raclette Courdavault","2","110.00"
"Finland",35,"Steeleye Stout","6","108.00"
"Mexico",13,"Konbu","20","108.00"
"France",23,"Tunnbröd","15","108.00"
"Poland",1,"Chai","6","108.00"
"Poland",51,"Manjimup Dried Apples","2","106.00"
"Venezuela",52,"Filo Mix","20","105.00"
"Argentina",16,"Pavlova","6","104.70"
"Portugal",54,"Tourtière","20","100.30"
"Portugal",68,"Scottish Longbreads","10","100.00"
"Denmark",52,"Filo Mix","15","99.75"
"Spain",19,"Teatime Chocolate Biscuits","11","99.30"
"Belgium",44,"Gula Malacca","6","99.20"
"Argentina",41,"Jack's New England Clam Chowder","10","96.50"
"UK",45,"Rogede sild","15","91.20"
"Finland",24,"Guaraná Fantástica","20","90.00"
"Spain",76,"Lakkalikööri","5","90.00"
"Norway",24,"Guaraná Fantástica","23","90.00"
"Spain",23,"Tunnbröd","10","90.00"
"Mexico",57,"Ravioli Angelo","5","87.75"
"France",48,"Chocolade","8","86.70"
"Finland",42,"Singaporean Hokkien Fried Mee","6","84.00"
"Italy",11,"Queso Cabrales","6","80.64"
"Mexico",21,"Sir Rodney's Scones","10","80.00"
"Finland",58,"Escargots de Bourgogne","6","79.50"
"Canada",75,"Rhönbräu Klosterbier","10","77.50"
"Brazil",7,"Uncle Bob's Organic Dried Pears","3","76.50"
"Spain",24,"Guaraná Fantástica","18","75.60"
"Argentina",68,"Scottish Longbreads","6","75.00"
"Mexico",54,"Tourtière","10","74.50"
"Belgium",54,"Tourtière","10","74.50"
"Italy",40,"Boston Crab Meat","4","73.60"
"Canada",23,"Tunnbröd","10","72.00"
"Spain",25,"NuNuCa Nuß-Nougat-Creme","5","70.00"
"France",19,"Teatime Chocolate Biscuits","10","69.00"
"Portugal",48,"Chocolade","6","68.85"
"Mexico",66,"Louisiana Hot Spiced Okra","4","68.00"
"Sweden",24,"Guaraná Fantástica","18","63.45"
"Portugal",77,"Original Frankfurter grüne Soße","7","61.88"
"Spain",70,"Outback Lager","4","60.00"
"France",33,"Geitost","31","58.00"
"Spain",35,"Steeleye Stout","4","57.60"
"Spain",42,"Singaporean Hokkien Fried Mee","4","56.00"
"Switzerland",41,"Jack's New England Clam Chowder","6","55.00"
"Brazil",23,"Tunnbröd","8","54.00"
"Poland",24,"Guaraná Fantástica","12","54.00"
"Spain",21,"Sir Rodney's Scones","6","54.00"
"Poland",35,"Steeleye Stout","3","54.00"
"Belgium",24,"Guaraná Fantástica","12","54.00"
"Argentina",35,"Steeleye Stout","3","54.00"
"Italy",54,"Tourtière","10","53.10"
"Spain",77,"Original Frankfurter grüne Soße","5","52.00"
"Italy",74,"Longlife Tofu","5","50.00"
"Norway",41,"Jack's New England Clam Chowder","5","48.25"
"Belgium",33,"Geitost","25","47.50"
"Spain",47,"Zaanse koeken","5","47.50"
"Italy",47,"Zaanse koeken","5","47.50"
"UK",54,"Tourtière","7","46.93"
"Italy",19,"Teatime Chocolate Biscuits","5","46.00"
"UK",19,"Teatime Chocolate Biscuits","5","46.00"
"Switzerland",24,"Guaraná Fantástica","15","45.90"
"UK",73,"Röd Kaviar","3","45.00"
"Italy",33,"Geitost","20","45.00"
"Ireland",39,"Chartreuse verte","3","43.20"
"Canada",13,"Konbu","7","42.00"
"USA",3,"Aniseed Syrup","4","40.00"
"Argentina",49,"Maxilaku","2","40.00"
"Italy",45,"Rogede sild","4","38.00"
"Portugal",24,"Guaraná Fantástica","10","36.00"
"Argentina",46,"Spegesild","3","36.00"
"Sweden",13,"Konbu","6","36.00"
"Switzerland",33,"Geitost","15","35.62"
"Canada",52,"Filo Mix","5","35.00"
"Mexico",71,"Flotemysost","2","34.40"
"Italy",39,"Chartreuse verte","2","30.60"
"Switzerland",76,"Lakkalikööri","2","30.60"
"Argentina",13,"Konbu","5","30.00"
"Spain",54,"Tourtière","5","29.50"
"Mexico",69,"Gudbrandsdalsost","1","28.80"
"Argentina",33,"Geitost","10","25.00"
"USA",6,"Grandma's Boysenberry Spread","1","24.50"
"Poland",54,"Tourtière","3","22.35"
"Mexico",37,"Gravad lax","1","20.80"
"Sweden",31,"Gorgonzola Telino","2","18.75"
"Norway",19,"Teatime Chocolate Biscuits","2","18.40"
"Finland",54,"Tourtière","3","17.88"
"USA",66,"Louisiana Hot Spiced Okra","1","17.00"
"Denmark",33,"Geitost","8","16.00"
"Denmark",46,"Spegesild","2","14.40"
"Belgium",52,"Filo Mix","2","14.00"
"Argentina",31,"Gorgonzola Telino","1","12.50"
